sample_id,arbuscular_mycorrhizal_richness,arbuscular_mycorrhizal_richness_Predicted
S1002,84.0709991455081,65.3577756368235
S1003,85.0000000000002,84.1429125627114
S1004,33.1660003662108,30.4084908988322
S1005,119.000000000001,84.4604081235788
S1006,91.400001525879,83.6137411475391
S1007,36.4990005493166,21.7516096925946
S1041,109.125,83.9711074853302
S1042,89.75,88.4701319781727
S1043,48.2490005493165,46.7917507848581
S1044,107.499000549316,46.7917507848581
S1045,45.125,46.7917507848581
S1048,45.0000000000002,48.9205959779336
S1049,38.0000000000001,48.4065820538908
S1050,48.1660003662109,35.7935132508673
S1051,41.0000000000001,30.9822901983054
S1054,110,83.6137411475391
S1055,26.9999999999999,17.7804265322353
S1057,59,33.1975758010895
S1058,46.1669998168944,23.141259822383
S1059,24.1240005493163,28.2243134683237
S1060,29.9990005493163,20.0275413512641
S1061,44.900001525879,39.8849991604454
S1062,35.2499999999999,27.3633044799149
S1063,8.00000000000001,18.051292910311
S1065,35.5000000000002,46.7917507848581
S1067,66.9990005493163,46.7917507848581
S1069,11,11.165746105811
S1075,56.4379997253418,59.980724293579
S1076,35.2499999999999,23.7199290843474
S1078,26.5000000000001,20.8343092350283
S1080,77.9999999999999,48.5158447531044
S1083,25.6669998168946,23.141259822383
S1084,89.4000015258787,82.7293929012263
S1085,101,80.0683084757107
S1087,18.9950008392333,16.7779969453379
S1088,105.166999816895,89.2592042156355
S1089,109.25,87.0422500590898
S1090,28.8999996185304,33.0743882961372
S1093,11,8.33635308687177
S1096,47.1669998168943,32.7664966676194
S1097,29.5000000000001,31.6726192667674
S1101,34.9980010986328,29.6455914267156
S1105,7.00000000000003,12.7409592888101
S1106,80.0830001831059,86.2224278207476
S1114,5.00000000000003,7.64894380338382
S1125,139.124999999999,86.2224278207476
S1126,106.599998474121,84.3201179943917
S1127,84.0000000000003,84.1429125627114
S1128,38.0000000000001,21.782291973964
S1129,34.4990005493164,26.7136558426473
S1130,35.2470016479492,31.6577800919404
S1133,61.3330001831053,60.5125642368272
S1134,13,22.4736078099225
S1135,53.1249999999998,25.02264275048
S1136,85.1650009155273,45.1949111565082
S1139,23.0000000000001,22.4736078099225
S1141,22,22.4736078099225
S1142,5.99999999999998,21.7516096925946
S1147,18.4950008392334,25.0354272467976
S1149,70.0000000000003,30.4084908988322
S1154,56,49.4289628501733
S1158,21.25,27.1734113447704
S1159,29.166000366211,28.2357995369364
S1160,39.2490005493163,30.3566452193001
S1161,52.9999999999998,26.2056116360559
S1163,6.49999999999996,8.33635308687177
S1165,77.9999999999999,65.9436555840047
S1171,53.5000000000001,48.5158447531044
S1172,16.9999999999999,15.5280271032998
S1173,59.9999999999999,32.3858176032839
S1176,75.9999999999997,64.1868337931411
S1177,26.9999999999999,29.2558949500716
S1178,52.4959983825684,44.4104707437277
S1179,70.3980026245116,57.1230758364271
S1180,33.1619987487792,44.4104707437277
S1181,81.1190032958988,51.3854946058575
S1182,83.4960021972655,66.7391988144269
S1183,41.1650009155272,44.072256219252
S1184,54.4980010986329,66.874511566311
S1185,72.9970016479495,60.6180058315698
S1186,21.0000000000001,20.7468918493662
S1188,63.5000000000002,31.1981650752272
S1190,74.1999969482423,63.2489936614227
S1191,10,19.1206963627828
S1195,71.9990005493163,61.6129130724228
S1196,86.9970016479491,66.5785737983828
S1197,67.2850036621091,61.6129130724228
S1198,41.9999999999999,14.8671457825678
S1203,83.1669998168945,84.3201179943917
S1207,26.1249999999999,27.502543950757
S1208,14,14.1532396375392
S1210,90.5000000000005,27.5964186360563
S1213,24.9999999999999,20.5491463208684
S1216,25.1660003662109,22.9950349700715
S1217,39.2470016479492,21.6940270212518
S1218,79.1669998168946,83.8396421105857
S1220,40.1650009155273,31.4646677903809
S1221,68.5000000000002,35.0378215902638
S1222,93.1660003662109,60.2118719690809
S1223,19.4999999999999,20.999658439105
S1224,24.9999999999999,9.44275282546021
S1228,94.4980010986326,25.7908449402385
S1233,15.4680004119872,16.0584126787867
S1234,38.0000000000001,46.7917507848581
S1235,78.9999999999999,30.3731767511955
S1236,41.6669998168946,48.5158447531044
S1237,23.9969997406005,22.9573682905727
S1238,24.5,27.1584641093931
S1240,44.3330001831053,29.0943683949365
S1242,53.1249999999998,48.5158447531044
S1243,19.9999999999999,17.7853417924261
S1244,50.1669998168947,48.4065820538908
S1249,42.9980010986328,34.6287724603763
S1251,54.062000274658,51.653227186545
S1252,42.6669998168946,51.653227186545
S1258,22,21.7516096925946
S1259,80.0000000000001,51.653227186545
S1260,86.1250000000002,56.5278760438353
S1261,68.2490005493163,32.6646195244078
S1262,25.9950008392335,18.2387484889045
S1263,57.4990005493166,33.9336397905527
S1264,49.9959983825683,24.0225162917973
S1265,37.9990005493166,33.9336397905527
S1267,40.6660003662108,39.8849991604454
S1268,36.900001525879,33.0743882961372
S1273,35.9990005493164,30.3897579701421
S1274,59.2499999999998,35.3769792293708
S1276,23.0000000000001,18.2387484889045
S1277,45.7849998474123,28.4643511701651
S1278,59.9999999999999,31.96062591232
S1279,70.6660003662107,67.9654646784748
S1285,31.2499999999999,24.3606853596311
S1286,26.9999999999999,23.1588024025849
S1292,15.6660003662109,15.1799697704829
S1294,46.9990005493164,32.7374061162801
S1295,19.4999999999999,18.9800203939138
S1296,48.1669998168947,51.653227186545
S1297,36.5000000000002,49.4289628501733
S1298,60.9980010986329,33.0743882961372
S1300,80.8990020751953,65.0719625329702
S1301,42.9980010986328,27.1115746426502
S1302,26.6660003662109,25.4579274609072
S1303,43.1660003662111,33.0743882961372
S1304,15.6660003662109,21.1630250660409
S1305,43.4990005493163,28.7380423863658
S1311,19,18.2387484889045
S1312,19,8.33635308687177
S1313,75.8990020751952,65.9436555840047
S1314,3,7.83214664798325
S1316,51.0820007324221,51.0850154768356
S1317,57.6650009155273,28.4493824731466
S1319,19,28.3980507064205
S1321,53.2500000000001,33.2804200455183
S1324,27.9999999999999,21.7516096925946
S1325,11.4980001449586,18.2387484889045
S1328,3,10.2170171679206
S1329,8.00000000000001,5.2787501490101
S1330,31.4999999999999,51.3854946058575
S1331,31.6660003662108,17.0566533153685
S1332,33.4999999999999,39.8849991604454
S1333,72.9970016479495,63.4259164172885
S1334,61.7859992980955,63.4259164172885
S1336,65.4000015258788,63.9094852948329
S1342,39.9990005493166,39.8849991604454
S1346,65.9990005493163,66.7391988144269
S1348,54.125,34.9803485248043
S1350,23.9979991912842,8.90045180423431
S1351,41.2499999999999,21.5986559680703
S1352,17.9680004119873,15.5280271032998
S1353,5.98600006103514,15.5280271032998
S1354,6.49900007247924,15.5280271032998
S1355,22.1490001678467,15.5280271032998
S1356,17.6529998779296,12.3962132757087
S1357,17.2360000610353,15.5280271032998
S1360,89.5619964599613,64.8006497048038
S1365,7.00000000000003,8.33635308687177
S1369,19.9990005493164,17.7853417924261
S1370,19.2479991912843,16.9289825153679
S1371,56,32.7149849775859
S1372,46.9980010986327,28.6342197971555
S1373,45.0000000000002,27.7432108505228
S1375,31.1669998168945,51.653227186545
S1376,27.9999999999999,22.2093431734174
S1377,77.4990005493164,62.5033700045313
S1380,75.8990020751952,68.6609129652185
S1381,71.2850036621096,62.7626214437032
S1383,28.2500000000001,47.6578731967272
S1385,33.6669998168944,48.5158447531044
S1386,41.2490005493163,19.8366432459385
S1387,33.6669998168944,28.7231447583726
S1388,34.5999984741212,39.8849991604454
S1390,41.5,46.7917507848581
S1391,33.1660003662108,29.0943683949365
S1394,40.4980010986326,29.0943683949365
S1395,31.2490005493165,29.0943683949365
S1397,47,46.7917507848581
S1398,19.9990005493164,18.0003539282982
S1399,35.5000000000002,39.8849991604454
S1400,42.6650009155273,39.8849991604454
S1401,24.2490005493164,18.2387484889045
S1402,40.9990005493164,33.9336397905527
S1407,38.1250000000001,48.5158447531044
S1408,42.5000000000001,28.2880680727018
S1411,16.5,22.4736078099225
S1415,117.123001098634,66.874511566311
S1418,15.998999595642,17.5498013171184
S1421,28.9979991912843,30.4084908988322
S1430,28.9979991912843,27.3633044799149
S1433,7.00000000000003,8.93927183967317
S1436,66.9000015258787,27.4592007682962
S1437,45.5,21.3502821864613
S1443,91.4990005493162,56.5278760438353
S1446,62.4959983825687,25.5708493454462
S1447,22.3330001831054,28.6342197971555
S1448,47.1240005493163,39.8849991604454
S1449,49.9990005493163,39.8849991604454
S1450,23.1660003662109,30.3363037249005
S1451,37.9990005493166,39.8849991604454
S1453,10.4999999999999,6.21061334031815
S1454,38.2500000000001,20.2661553748136
S1455,24.9979991912842,25.5122333130873
S1457,21.9990005493163,22.5495779539629
S1460,60.0989990234374,59.1054036026301
S1461,65.3330001831057,61.7694166317741
S1462,84.0709991455081,65.3835083195358
S1463,58.0620002746582,61.360030907032
S1464,93.9990005493166,61.1795763287686
S1465,53.666000366211,49.7622849971322
S1467,76.7220001220704,56.670668586669
S1468,71.3330001831059,63.2896602364253
S1469,74.9990005493164,57.8923061227599
S1470,69.2500000000003,62.6149984395527
S1471,43.0480003356933,54.3424125486901
S1472,80.4990005493163,56.5086066416464
S1473,76.0709991455077,60.647309284786
S1474,66.7860031127931,59.5162227027977
S1475,51.7849998474119,52.9008521458577
S1476,63.3330001831057,57.8189127424018
S1477,49.9920005798341,18.2387484889045
S1479,30.0000000000001,28.2243134683237
S1482,36.9930000305176,22.9182786850217
S1483,32.9990005493164,28.5326214626017
S1484,30.9969997406006,27.2164514560756
S1486,34.5,30.4084908988322
S1498,21.9990005493163,28.2243134683237
S1503,68.3330001831055,61.6129130724228
S1507,64.5000000000003,56.5278760438353
S1508,32.5,30.3897579701421
S1509,80.1050033569338,66.4703423993377
S1519,40.0000000000001,30.0120921143451
S1533,21.4999999999999,8.33635308687177
S1534,60.4999999999999,48.5158447531044
S1538,24.9999999999999,19.1206963627828
S1544,29.4909992218019,17.1174456590122
S1545,19,18.9080033822152
S1548,19,22.2093431734174
S1551,51.9990005493165,39.8849991604454
S1553,18,18.1184351125336
S1558,34.5,12.4272794430829
S1566,44.9990005493163,10.4757359786628
S1569,40.1250000000002,39.8849991604454
S1570,18.6660003662109,19.4892082501209
S1584,31.2490005493165,25.5708493454462
S1590,41.4970016479491,27.3633044799149
S1591,27.9950008392335,27.3633044799149
S1592,30.9990005493164,23.141259822383
S1593,32.9949989318848,29.2500394535595
S1594,13.9989995956421,16.9289825153679
S1597,60.599998474121,61.6582810399977
S1598,26.488000869751,19.7079189189433
S1601,61.9990005493165,46.7917507848581
S1604,27.6660003662109,22.4935532056221
S1605,37.2480010986328,27.5487138082976
S1611,15,8.33635308687177
S1620,5.00000000000003,8.33635308687177
S1621,4,8.33635308687177
S1622,14,8.33635308687177
S1627,54.9990005493165,30.3036047630723
S1628,63.9990005493164,46.5121373328964
S1630,11.5000000000001,7.72065165038173
S1632,19.4990005493164,13.4745665273869
S1636,38.9970016479494,17.1174456590122
S1637,75.0810012817383,63.9094852948329
S1639,39.2480010986329,35.5580072620369
S1640,82.8000030517574,63.6808253790203
S1642,61.3330001831053,45.1949111565082
S1646,24.5,21.7516096925946
S1648,46.9970016479494,37.9094610718132
S1649,35.5000000000002,21.7516096925946
S1650,15,22.2093431734174
S1651,35.2499999999999,21.7516096925946
S1652,15,21.7516096925946
S1654,35.9970016479491,28.2243134683237
S1657,27.25,28.2243134683237
S1659,27.9990005493165,28.2243134683237
S1663,45.5,51.653227186545
S1664,20.5000000000001,22.2093431734174
S1665,57,48.4065820538908
S1666,31.9990005493165,22.8575290563126
S1669,19,19.1206963627828
S1670,82.8990020751951,58.3370294757861
S1672,47.9949989318849,34.841904171143
S1674,34.6619987487793,28.5200055961716
S1675,19.9999999999999,19.1206963627828
S1676,67.0000000000002,34.9803485248043
S1677,23.0000000000001,27.1693442770608
S1697,16.9990005493165,18.2387484889045
S1700,51.0000000000002,48.5158447531044
S1704,32.6669998168945,27.9780423872167
S1706,26.9999999999999,26.92261085585
S1707,33.9999999999999,21.7516096925946
S1712,16.9990005493165,22.5798644143346
S1721,32.2499999999999,28.0104901335256
S1723,54.2499999999999,48.9205959779336
S1725,26.5000000000001,20.0031203914694
S1734,50.6800003051758,51.7064483045735
S1735,43,46.7917507848581
S1738,6.99700021743777,6.21061334031815
S1740,58.4999999999998,46.7917507848581
S1744,82.0999984741209,83.6137411475391
S1745,25.9969997406006,19.8859758088668
S1746,23.599000930786,16.9289825153679
S1747,28.4990005493166,25.2819818092917
S1753,18.125,23.5846607181997
S1754,61.1249999999998,61.0513861226642
S1756,55.6660003662111,32.4385219525641
S1757,57.1129989624023,57.5635705280869
S1758,13,22.2093431734174
S1759,62.9999999999999,59.019193005118
S1760,56.1240005493166,61.556860955199
S1761,22.9990005493165,22.4736078099225
S1762,55.0989990234373,60.5187188464806
S1770,28.0979995727539,26.3007001920774
S1774,58.9970016479491,54.2351966486826
S1775,49.5999984741211,26.9017137310832
S1776,19,10.2062961685554
S1778,21.6000003814697,25.5708493454462
S1779,75.9990005493167,66.5785737983828
S1782,18.2499999999999,23.5258442190356
S1783,2,4.95430751699641
S1784,78.1669998168948,51.653227186545
S1793,26.6650009155272,26.3007001920774
S1796,29.9990005493163,25.5708493454462
S1797,50.8989982604981,20.3775661231982
S1798,38.0000000000001,48.5158447531044
S1800,97.9990005493164,51.653227186545
S1801,17.9990005493163,27.1115746426502
S1802,6.49900007247924,6.97038270763251
S1808,17.9990005493163,13.1498050573254
S1810,22.4999999999999,12.6604212890536
S1811,21.4979991912841,18.2387484889045
S1815,61.2470016479493,27.6324643488169
S1818,27.166000366211,19.1206963627828
S1819,23.9979991912842,18.2387484889045
S1820,35.6669998168943,39.8849991604454
S1821,51.0000000000002,43.7979302938551
S1823,5.99999999999998,8.90045180423431
S1825,19.1250000000001,16.0584126787867
S1826,22.2450008392334,12.6157047962716
S1827,5.00000000000003,4.93095968337029
S1832,30.9990005493164,23.7603421553286
S1834,10,12.2244862475726
S1835,14.6669998168944,24.0225162917973
S1836,26.9899997711182,16.0584126787867
S1837,23.9109992980957,19.6151222861977
S1839,38.2459983825683,21.5152151496412
S1842,12,13.7520987915207
S1845,57.9970016479493,30.3897579701421
S1847,41.9990005493166,18.9337363502062
S1848,40.0000000000001,39.8849991604454
S1850,34.6669998168946,51.653227186545
S1852,38.9970016479494,28.2243134683237
S1858,54,46.7917507848581
S1861,55.9990005493161,25.5708493454462
S1863,22,18.2387484889045
S1864,44.4990005493164,46.7917507848581
S1866,64.0820007324221,61.0513861226642
S1867,16.0000000000001,18.9337363502062
S1869,35.9990005493164,24.297857304021
S1870,71.0999984741208,47.6578731967272
S1872,15.6660003662109,12.3962132757087
S1875,34.9980010986328,17.2439682398869
S1876,17.4990005493165,18.9337363502062
S1879,64.3330001831058,63.4259164172885
S1884,73.0999984741209,66.558936877272
S1885,60.562000274658,66.5785737983828
S1886,22.4960002899169,18.2387484889045
S1888,26.9999999999999,18.2387484889045
S1889,33.1640014648437,18.2387484889045
S1900,86.5970001220703,66.4703423993377
S1905,31.9780006408692,22.5798644143346
S1906,27.2490005493165,27.9780423872167
S1907,65.2490005493163,29.0943683949365
S1914,48.4990005493162,25.0569773947237
S1915,49.166000366211,22.7923412702791
S1918,37.9990005493166,49.5963713030348
S1920,8.50000000000005,8.33635308687177
S1921,14.498999595642,8.33635308687177
S1924,26,15.2184264648549
S1925,37.5000000000001,48.5158447531044
S1927,14.2469997406007,12.3962132757087
S1930,63.6389999389651,57.6354003965968
S1932,51.5000000000001,34.366172149502
S1933,44,46.7917507848581
S1936,21.9990005493163,22.2093431734174
S1937,19.25,22.2093431734174
S1939,24.25,22.2093431734174
S1941,16.25,22.2093431734174
S1942,55.4990005493167,22.2093431734174
S1944,2,5.65162719185747
S1946,14.9989995956422,5.2787501490101
S1949,32,33.9336397905527
S1951,56.3320007324221,60.1493532465268
S1952,38.9959983825685,29.6455914267156
S1953,58.9000015258792,63.1374156570393
S1954,36.4990005493166,22.2093431734174
S1955,19,21.7516096925946
S1956,35.9999999999998,49.4289628501733
S1957,17.4920005798341,14.3406624998368
S1961,54.2480010986327,39.8849991604454
S1964,21.4999999999999,17.0566533153685
S1965,47.5000000000001,22.1856137869299
S1966,5.00000000000003,17.5498013171184
S1967,12.5,18.0003539282982
S1968,25.9990005493164,22.1597360350149
S1970,21.2159996032716,17.5498013171184
S1971,11,19.1314864574464
S1972,20.9990005493163,22.1597360350149
S1973,54.5000000000001,35.2574745426909
S1974,21.9990005493163,17.5498013171184
S1975,23.996000289917,19.1314864574464
S1976,23.0000000000001,19.1314864574464
S1977,46.4959983825682,19.7541190720602
S1978,33.9959983825683,22.5798644143346
S1979,27.4190006256103,12.6157047962716
S1980,5.00000000000003,12.5405177183923
S1981,93.9970016479493,66.7391988144269
S1982,62.2840003967288,63.9094852948329
S1983,36.5000000000002,39.8849991604454
S1984,32.5,17.1174456590122
S1985,14,21.1630250660409
S1987,39.9860000610352,28.2731247398888
S1988,37.4990005493163,22.9636744011829
S1991,51.9990005493165,46.7917507848581
S1992,44.2500000000002,46.7917507848581
S1993,37.9990005493166,30.4084908988322
S1995,10.4989995956421,15.5280271032998
S1996,56.4990005493163,41.9850802276461
S1997,65.0989990234374,63.4563208734389
S2000,42.8959999084473,29.2104087065766
S2003,15,17.0566533153685
S2004,6.49999999999996,16.6822041113862
S2005,55.5000000000003,48.4065820538908
S2007,45.0000000000002,27.4602526416463
S2012,19.4979991912842,17.5498013171184
S2014,28.9969997406006,21.1630250660409
S2015,16.0000000000001,22.6698474518321
S2019,32.1250000000001,31.6577800919404
S2023,29.9960002899169,19.06140898415
S2024,60.6660003662112,23.7800786615301
S2031,26.9990005493163,17.1174456590122
S2033,57.9970016479493,22.7006837106134
S2035,27.9999999999999,22.2684852659045
S2036,60.4999999999999,58.8297322119404
S2038,24,27.3633044799149
S2039,35.9990005493164,27.3633044799149
S2040,36.4990005493166,19.8494175789521
S2042,18.2499999999999,21.7516096925946
S2043,40.1660003662112,39.8849991604454
S2045,29.5000000000001,17.0566533153685
S2046,38.4990005493164,30.3363037249005
S2048,19.2490005493165,8.53661331351058
S2050,21.9990005493163,18.2387484889045
S2052,13,14.4702307385546
S2058,36.5000000000002,23.1782655377775
S2060,33.994998931885,28.2243134683237
S2061,28.496000289917,28.2243134683237
S2062,30.9990005493164,28.972180268067
S2063,16.0000000000001,24.0225162917973
S2064,27.9999999999999,24.68144562762
S2065,4,13.0224510613231
S2067,34.9959983825683,28.2243134683237
S2074,30.9979991912842,28.2243134683237
S2077,37.2500000000002,46.7917507848581
S2079,23.9979991912842,28.2243134683237
S2081,13,28.2243134683237
S2082,24.9999999999999,28.2243134683237
S2091,59.7220001220704,54.4891431753442
S2093,83.1240005493161,62.9285570050095
S2094,9.00000000000004,8.33635308687177
S2095,78.1630020141598,59.4805112766772
S2098,15.5000000000001,15.1799697704829
S2100,10,8.33635308687177
S2102,24.9990005493163,14.8553024711976
S2105,8.00000000000001,16.9289825153679
S2106,24.9950008392333,13.2212403364787
S2107,40.9990005493164,27.4602526416463
S2111,19,20.1348428398755
S2113,66.0609970092775,60.7900503142654
S2115,16.4979991912842,24.090030959914
S2116,72.1070022583012,61.3697254301535
S2117,23.0000000000001,17.0566533153685
S2119,29.2479991912843,28.2243134683237
S2122,29.9990005493163,23.5846607181997
S2124,73.9950027465822,31.6813482074641
S2125,60.1660003662108,49.4289628501733
S2127,10.9969997406006,17.7853417924261
S2128,35.1250000000001,20.999658439105
S2129,71.0709991455078,66.874511566311
S2130,26.5000000000001,16.5996436023433
S2131,46.6669998168944,46.7917507848581
S2136,70.9089965820315,58.9849778792205
S2146,21.0000000000001,19.7337059098776
S2149,22,28.2243134683237
S2152,83.0619964599611,69.4158574081913
S2153,77.8990020751952,61.6582810399977
S2154,26,27.0122855531884
S2156,49.2500000000002,46.7917507848581
S2159,5.99999999999998,8.33635308687177
S2163,27.25,21.1630250660409
S2166,17.5,22.2093431734174
S2173,33.1669998168945,28.2243134683237
S2175,41.2430000305174,28.2243134683237
S2178,27.1669998168945,28.2243134683237
S2179,55.9819984436034,28.2243134683237
S2181,21.9990005493163,24.7058623002931
S2182,37.9939994812013,18.2387484889045
S2184,58.986999511719,41.9850802276461
S2186,18.5,19.1206963627828
S2187,10,12.7214442605316
S2191,15.998999595642,18.2387484889045
S2193,34.2449989318848,37.9094610718132
S2194,46.2410011291505,37.9094610718132
S2196,12.9980001449586,16.0584126787867
S2197,42.9990005493163,33.9336397905527
S2200,46.9970016479494,54.3844014654538
S2201,41.997001647949,30.7131681251824
S2202,27.9999999999999,30.3363037249005
S2203,3.96399998664857,8.33635308687177
S2205,28.9990005493164,28.2243134683237
S2206,34.9939994812012,28.2243134683237
S2207,21.25,28.2243134683237
S2210,19.9990005493164,28.2243134683237
S2212,26.1240005493165,28.2243134683237
S2213,27.4950008392335,28.2243134683237
S2214,26.5000000000001,28.2243134683237
S2215,31.6669998168945,19.8366432459385
S2216,7.49999999999999,8.33635308687177
S2218,24.996000289917,18.2387484889045
S2219,30.4990005493166,17.0566533153685
S2226,10.666000366211,8.53661331351058
S2235,5.00000000000003,14.4266125792476
S2239,13,16.7180257565918
S2240,32.5330009460451,24.0885858611797
S2243,9.00000000000004,14.8553024711976
S2245,27.5000000000002,18.2387484889045
S2246,19.25,18.2387484889045
S2249,43.2430000305177,18.7884037371235
S2252,2,13.2212403364787
S2255,76.6399993896487,59.8318427451313
S2258,82.9990005493168,61.3214771775736
S2260,104.160003662109,66.581626915454
S2261,64.1620025634767,58.5324796417034
S2262,89.0810012817382,54.4891431753442
S2263,69.7850036621095,54.4891431753442
S2264,59.0989990234372,57.1230758364271
S2265,64.1620025634767,52.3451813447574
S2266,92.0940017700194,60.6180058315698
S2267,40.9990005493164,52.3451813447574
S2268,56.3989982604983,51.3854946058575
S2269,65.9980010986329,60.8471606371796
S2272,13.9860000610351,8.33635308687177
S2273,7.49999999999999,17.1174456590122
S2280,70.0999984741211,46.5121373328964
S2284,32.1209983825686,17.1174456590122
S2285,16.5,12.7214442605316
S2286,82.4950027465818,59.8318427451313
S2288,15.5000000000001,28.2243134683237
S2289,30.2490005493165,28.2243134683237
S2290,22.4990005493164,28.2243134683237
S2292,24,28.2243134683237
S2293,21.2490005493165,28.2243134683237
S2294,18.5,28.2243134683237
S2295,42.9970016479493,28.2243134683237
S2296,29.2490005493165,28.2243134683237
S2299,19.9999999999999,28.2243134683237
S2300,31.2460002899171,28.2243134683237
S2302,15,28.2243134683237
S2304,32.9980010986329,28.2243134683237
S2306,19.4999999999999,28.2243134683237
S2307,25.4969997406005,28.2243134683237
S2309,29.9950008392333,28.2243134683237
S2310,34.1650009155274,28.2243134683237
S2311,29.9969997406006,28.2243134683237
S2312,29.0000000000001,28.2243134683237
S2315,36.2480010986327,28.2243134683237
S2317,32.2490005493165,28.2243134683237
S2325,27.4979991912841,28.2243134683237
S2327,31.9990005493165,28.2243134683237
S2333,29.9979991912842,28.2243134683237
S2335,30.5000000000001,28.2243134683237
S2339,28.9969997406006,28.2243134683237
S2340,22.9979991912843,28.2243134683237
S2344,47.9910011291504,28.2243134683237
S2345,30.9969997406006,28.2243134683237
S2348,34.9930000305176,28.2243134683237
S2349,27.9999999999999,28.2243134683237
S2350,31.9979991912843,28.2243134683237
S2351,22.2500000000001,28.2243134683237
S2352,30.1240005493164,28.2243134683237
S2353,12.5,28.2243134683237
S2354,22.9950008392333,28.2243134683237
S2356,24.9950008392333,28.2243134683237
S2357,30.4920005798342,28.2243134683237
S2358,30.0000000000001,17.0566533153685
S2359,24.9999999999999,20.999658439105
S2360,25.2490005493164,24.0225162917973
S2370,51.9980010986327,26.1979931666721
S2372,35.9990005493164,18.2387484889045
S2374,9.00000000000004,10.1846313299596
S2376,36.9949989318847,28.2243134683237
S2377,27.9930000305176,16.0584126787867
S2381,16.9990005493165,28.2243134683237
S2382,38.2490005493165,28.2243134683237
S2383,48.4000015258787,17.264406331792
S2386,39.2490005493163,28.0747239265525
S2389,27.4990005493163,25.4579274609072
S2391,68.6350021362309,52.1964617376853
S2392,71.0830001831052,61.0448008021117
S2393,30.9969997406006,22.9573682905727
S2394,15.4969997406006,17.8563269131282
S2398,12,13.1498050573254
S2401,65.9919967651368,65.0600699067977
S2402,97.1210021972654,66.4703423993377
S2403,32.9999999999999,24.0883855659509
S2405,1,5.39581525938599
S2409,48.9970016479494,39.8849991604454
S2415,36.5000000000002,18.9337363502062
S2419,14.1180000305176,24.0225162917973
S2421,33.994998931885,18.9080033822152
S2425,16.0000000000001,10.1846313299596
S2426,15,22.2684852659045
S2427,20.2500000000001,12.3962132757087
S2428,71.1610031127931,65.0600699067977
S2440,25.5000000000001,28.2243134683237
S2442,25.492000579834,16.9289825153679
S2443,21.2439994812012,21.6436676389622
S2444,7.99700021743777,8.33635308687177
S2445,14,9.13612603504309
S2446,17.2479991912841,9.13612603504309
S2449,26.9999999999999,26.4726908261565
S2455,21.6669998168944,22.5651588699641
S2458,50.666000366211,46.5121373328964
S2459,34.5,46.7917507848581
S2461,24,17.0566533153685
S2464,14,18.7884037371235
S2465,24.4979991912843,25.6293903546825
S2466,24,18.2387484889045
S2478,12,8.69267581801139
S2481,46.2480010986329,25.6293903546825
S2482,20.2490005493165,16.9289825153679
S2483,18.9939994812011,24.0225162917973
S2484,21.4990005493163,15.5280271032998
S2487,57.5709991455077,60.0644466617383
S2489,31.9990005493165,22.2093431734174
S2492,16.0000000000001,16.1192203040909
S2495,33.9999999999999,22.2093431734174
S2496,20.9990005493163,22.2093431734174
S2497,21.4979991912841,19.5698547261482
S2498,13.5,22.2093431734174
S2499,29.666000366211,30.7592300332821
S2500,87.9970016479496,49.4289628501733
S2505,49.2430000305178,30.8319954747846
S2515,13.9980001449586,16.786019073148
S2518,58.5709991455079,66.581626915454
S2520,63.994998931885,57.1230758364271
S2527,57.9990005493162,29.0062103082529
S2528,17.4990005493165,8.33635308687177
S2538,53.5600013732912,59.8318427451313
S2541,18.2499999999999,11.8235524837402
S2546,4,13.6072720850433
S2549,16.5,25.9134502472997
S2550,29.9950008392333,29.930988117994
S2553,27.4979991912841,28.8669047834118
S2554,35.4990005493165,29.7398849965578
S2555,19.9990005493164,28.7380423863658
S2558,21.4990005493163,16.1192203040909
S2560,10.9989995956421,12.7023091870452
S2561,39.6529998779298,28.8669047834118
S2562,18.6630001068116,25.6274854515887
S2563,4,10.1846313299596
S2565,43.9959983825684,30.8319954747846
S2566,8.00000000000001,6.97038270763251
S2567,12.4700002670288,6.97038270763251
S2571,46.2439994812013,37.9094610718132
S2572,5.00000000000003,20.0546642484509
S2579,16.9990005493165,16.161566427033
S2584,7.00000000000003,5.2787501490101
S2586,29.0000000000001,20.7901738732009
S2587,22.9990005493165,8.33635308687177
S2588,21.9969997406006,27.9780423872167
S2590,29.666000366211,39.8849991604454
S2591,15.4989995956421,8.33635308687177
S2596,18.9990005493164,19.8494175789521
S2597,8.99699974060061,25.5708493454462
S2602,11.9919996261597,8.97540144136137
S2605,73.9990005493161,67.8700470261711
S2606,54.7849998474122,55.0268467781231
S2610,29.5000000000001,18.4868917488125
S2615,35.6660003662111,22.2695967996808
S2618,51.2470016479493,21.9895980140766
S2622,29.125,33.9336397905527
S2623,72.0810012817385,62.4757723934808
S2627,26.9999999999999,23.1964259258424
S2629,14.9989995956422,15.8510487535919
S2630,19.9999999999999,22.2093431734174
S2632,22.125,33.9336397905527
S2634,32,28.5200055961716
S2646,1,4.73398469229739
S2647,49.2459983825683,39.8849991604454
S2648,95.1240005493161,67.0499811229981
S2649,77.9950027465818,61.0513861226642
S2656,15.2500000000001,12.3962132757087
S2657,28.9969997406006,24.8096601926792
S2670,27.166000366211,25.5708493454462
S2671,37.8889999389651,61.3568264432294
S2672,29.9969997406006,22.6698474518321
S2673,51.9760017395019,26.3007001920774
S2674,27.5000000000002,19.8494175789521
S2675,26.0650005340576,24.8287045094533
S2679,13,7.60145560814675
S2680,51.9999999999999,31.8810179587576
S2685,41.997001647949,28.5200055961716
S2686,12.9989995956421,21.7516096925946
S2687,63.974998474121,32.177810977179
S2689,26.2460002899171,18.2387484889045
S2693,2,8.33635308687177
S2695,25.5000000000001,29.045741864241
S2696,59.9999999999999,12.8746633603863
S2697,49.9860000610353,41.9850802276461
S2719,23.2499999999999,19.8366432459385
S2720,25.9979991912842,14.8553024711976
S2721,14,10.1846313299596
S2722,17.9979991912842,15.7049058928906
S2723,42.9980010986328,25.2235120458422
S2724,28.9979991912843,40.0958943071154
S2727,5.00000000000003,4.95430751699641
S2732,23.2409992218019,16.0584126787867
S2733,9.99600028991703,16.9289825153679
S2735,26.4960002899169,23.141259822383
S2736,11,19.1206963627828
S2737,41.997001647949,51.2652157980542
S2739,42.7200012207032,43.3261741510206
S2740,34.9949989318849,16.0584126787867
S2741,22,17.7853417924261
S2742,1,3.51457461609042
S2743,18.1660003662109,23.5258442190356
S2745,18.6660003662109,23.1132518285593
S2750,31.0000000000001,30.5543870373488
S2751,19.9999999999999,33.9336397905527
S2752,35.9930000305176,12.6157047962716
S2754,34.9980010986328,31.6726192667674
S2756,35.9949989318847,28.2243134683237
S2757,24.9999999999999,26.801937178106
S2758,22.6000003814698,22.5798644143346
S2760,9.50000000000002,16.7779969453379
S2766,59.9949989318848,33.9336397905527
S2767,26.5000000000001,24.0222190609939
S2775,33.4850006103516,31.9728218634972
S2776,25.9969997406006,28.2243134683237
S2777,36.2500000000001,25.5755122821228
S2780,37.0000000000002,14.4616472090415
S2781,47.0820007324217,58.6135749602037
S2782,31.0000000000001,31.6726192667674
S2783,32.9970016479492,35.5580072620369
S2785,55,61.6582810399977
S2786,23.2490005493163,15.5280271032998
S2788,37.9959983825686,28.2243134683237
S2790,10.9969997406006,9.13612603504309
S2791,62.9140014648439,29.930988117994
S2794,16.4979991912842,22.5651588699641
S2795,100.096000671387,65.0600699067977
S2798,67.9879989624023,55.2870570056053
S2801,33.9939994812011,28.2243134683237
S2802,52.9910011291502,28.2243134683237
S2803,14.25,17.7853417924261
S2804,17.9930000305176,30.4084908988322
S2805,18.4990005493165,21.1630250660409
S2806,36.2480010986327,31.6577800919404
S2809,21.0000000000001,22.2093431734174
S2811,11,15.8510487535919
S2812,72.9940032958985,17.1174456590122
S2828,16.9999999999999,22.6129410166017
S2830,20.666000366211,28.5200055961716
S2831,5.00000000000003,6.28061713742304
S2834,65.4599990844724,35.5580072620369
S2835,36.9970016479494,28.2243134683237
S2836,21.9960002899169,17.1174456590122
S2837,48.7410011291505,33.2013511856421
S2839,19.25,17.1174456590122
S2843,5.00000000000003,19.06140898415
S2845,16.0000000000001,18.9080033822152
S2846,25.5000000000001,18.8455236635738
S2847,16.9999999999999,12.7214442605316
S2848,15.5000000000001,19.1206963627828
S2860,51.9900016784667,61.1357885629274
S2863,13.9989995956421,11.9497343561459
S2864,27.9850006103518,16.9289825153679
S2865,23.2490005493163,16.9289825153679
S2867,25.5000000000001,30.3897579701421
S2870,15.998999595642,15.5280271032998
S2871,41.6069984436037,15.5280271032998
S2874,54.9959983825685,33.3548413052468
S2875,41.0000000000001,30.9978660850657
S2876,14,15.5280271032998
S2877,56.9949989318847,23.5258442190356
S2880,31.784999847412,27.9780423872167
S2881,44.0960006713868,51.3602226560323
S2882,2,3.88250410441332
S2883,30.992000579834,24.0885858611797
S2886,4,5.3040453650267
S2887,15.4980001449585,16.161566427033
S2889,43.5999984741213,29.7861052928277
S2891,7.9980001449585,3.57590192343157
S2894,13.4949998855591,13.2212403364787
S2895,21.9979991912843,18.2387484889045
S2897,85.1210021972658,35.0823134179914
S2900,46.4959983825682,51.3602226560323
S2901,12,14.4653604406717
S2905,56.096000671387,56.968649124793
S2908,21.4999999999999,24.4129095304479
S2912,26,19.1206963627828
S2915,24.4869995117188,24.0885858611797
S2917,7.00000000000003,17.0566533153685
S2921,41.1629981994629,25.5708493454462
S2923,14,17.5587171969739
S2924,19.92799949646,15.5280271032998
S2925,33.9980010986329,27.502543950757
S2930,11.125,24.9918279405453
S2935,28.4979991912843,20.7854730789599
S2939,29.2490005493165,24.9918279405453
S2941,51.0470008850098,48.544780889681
S2943,27.6660003662109,28.2243134683237
S2944,22.9990005493165,18.2387484889045
S2951,31.166000366211,27.3633044799149
S2953,30.9990005493164,28.2243134683237
S2960,17.5,18.8455236635738
S2964,28.9960002899169,12.3962132757087
S2965,36.9920005798339,16.9289825153679
S2973,28.0919990539551,27.9780423872167
S2975,16.0000000000001,17.3265553255081
S2976,56.0940017700195,54.5333669055275
S2977,52.997001647949,54.176595818695
S2978,43.3959999084473,54.3587979983158
S2979,29.9960002899169,28.2243134683237
S2980,42.2410011291504,25.6274854515887
S2986,55.4939994812013,19.2932646691698
S2988,27.6639995574951,28.2243134683237
S2990,51.4939994812012,54.0304142275271
S2992,47.2449989318848,18.2387484889045
S2993,69.4940032958984,58.8166841201105
S2997,15.9980001449585,15.5280271032998
S2998,44.4990005493164,35.8071814538338
S2999,40.0000000000001,46.7917507848581
S3002,18.2479991912843,12.6157047962716
S3003,35.4990005493165,17.1174456590122
S3004,21.0000000000001,24.0225162917973
S3005,85.1340026855467,65.3161567192965
S3006,13.9989995956421,6.21061334031815
S3007,10,5.2787501490101
S3008,34.2490005493166,30.3363037249005
S3013,24.5,28.2243134683237
S3014,26.996000289917,28.2243134683237
S3019,27.25,29.9546259354856
S3020,40.4910011291505,28.2243134683237
S3022,32.5989990234376,33.3548413052468
S3023,47.123001098633,54.5189605128212
S3024,69.079002380371,60.0589991421711
S3028,31.9990005493165,26.3007001920774
S3029,30.9979991912842,27.3633044799149
S3032,17.6669998168945,30.3897579701421
S3042,21.6650009155273,29.0943683949365
S3045,31.3330001831056,28.2243134683237
S3046,28.4990005493166,28.2243134683237
S3050,50.2490005493165,23.5258442190356
S3051,86.4980010986325,63.4563208734389
S3053,14,12.6157047962716
S3057,70.4000015258788,65.9436555840047
S3060,19.9999999999999,18.9080033822152
S3065,3.93300008773804,23.141259822383
S3066,13,13.1498050573254
S3068,10.9989995956421,13.1498050573254
S3069,46.9949989318847,52.3451813447574
S3071,26.9999999999999,18.9337363502062
S3074,19,17.7853417924261
S3075,59.9970016479492,30.7592300332821
S3076,20.4990005493164,16.0584126787867
S3079,2,11.3599564669654
S3081,59.7840003967287,60.7900503142654
S3082,49.4959983825683,58.5324796417034
S3083,5.00000000000003,11.676443074222
S3084,23.0000000000001,28.2243134683237
S3085,23.0000000000001,18.2213110393393
S3086,9.99899959564212,8.53661331351058
S3092,112.115997314453,61.3568264432294
S3096,72.3990020751952,63.4563208734389
S3098,32.666000366211,59.1587269096201
S3101,26.9979991912841,31.6577800919404
S3102,3,11.5280449700842
S3105,24.9930000305176,16.9289825153679
S3106,20.3999996185303,16.9289825153679
S3107,18.9990005493164,15.5280271032998
S3108,8.00000000000001,22.5798644143346
S3110,10,12.7023091870452
S3122,19.9979991912843,18.2387484889045
S3126,34.4980010986328,35.5580072620369
S3127,6.99900007247922,8.90045180423431
S3133,13,19.8494175789521
S3134,74.5950012207032,59.3237239659934
S3136,19.9999999999999,18.2387484889045
S3142,20.9990005493163,12.3962132757087
S3144,31.163999557495,28.2243134683237
S3149,59.4630012512209,24.0225162917973
S3150,2,3.9940992996296
S3153,25.9960002899171,16.0584126787867
S3161,18,21.1630250660409
S3173,34.9980010986328,21.7516096925946
S3177,32.494998931885,16.9289825153679
S3179,4,5.43920370173201
S3183,19.9979991912843,19.5698547261482
S3184,12.9989995956421,23.5258442190356
S3185,74.9960021972653,59.1587269096201
S3186,2,5.54414675660549
S3190,85.1409988403318,66.0851861408396
S3191,35.9970016479491,26.3007001920774
S3192,24,22.1597360350149
S3193,12,19.1314864574464
S3198,1,12.491835537435
S3204,19.4990005493164,22.2093431734174
S3206,5.00000000000003,8.53661331351058
S3207,24.2490005493164,22.1597360350149
S3210,12,8.33635308687177
S3215,43.9949989318848,29.6455914267156
S3217,29.25,28.2243134683237
S3218,29.5000000000001,28.2243134683237
S3221,39.9990005493166,19.4136671239119
S3222,45.9230003356935,24.0225162917973
S3231,18.5,13.1498050573254
S3234,13,13.0224510613231
S3236,30.496000289917,8.90045180423431
S3237,25.9990005493164,22.9573682905727
S3238,26.9950008392334,8.33635308687177
S3239,41.5979995727541,27.6153675789617
S3240,22.4969997406007,12.3962132757087
S3241,23.2499999999999,12.3962132757087
S3242,21.9990005493163,16.0584126787867
S3243,13.1669998168944,15.5280271032998
S3244,28.9750003814697,16.0584126787867
S3245,14.4879999160767,16.9289825153679
S3248,8.00000000000001,7.31914071144164
S3252,23.0000000000001,29.7508363216716
S3259,8.97099971771236,6.97038270763251
S3261,10.9989995956421,6.97038270763251
S3262,3.99499988555907,6.97038270763251
S3263,9.66600036621092,6.97038270763251
S3265,12.9949998855591,15.5280271032998
S3269,16.0000000000001,21.2966830370669
S3274,15.2500000000001,16.0584126787867
S3275,14.9949998855591,18.2387484889045
S3276,32.1240005493164,14.8553024711976
S3281,18.9990005493164,18.0003539282982
S3282,69.079002380371,60.6180058315698
S3285,35.6650009155272,40.0958943071154
S3287,33.2459983825683,18.0668173243613
S3289,32.4959983825686,18.0668173243613
S3298,5.00000000000003,4.11980346377331
S3299,7.99599981307986,13.2212403364787
S3300,9.9969997406006,17.0566533153685
S3301,19.25,19.1314864574464
S3302,26.4979991912843,19.1314864574464
S3305,35,25.9075204667771
S3306,35.9999999999998,31.6726192667674
S3320,27.2490005493165,17.1174456590122
S3322,9.24899959564205,7.94843471216925
S3323,33.9029998779296,15.5280271032998
S3324,19.9930000305176,16.9289825153679
S3325,22.4999999999999,28.2243134683237
S3326,29.4939994812012,18.0003539282982
S3328,14,28.2243134683237
S3331,23.9720001220702,12.6157047962716
S3334,14.9989995956422,28.2243134683237
S3335,9.00000000000004,8.69267581801139
S3337,3,2.90374331069598
S3339,8.00000000000001,8.69267581801139
S3346,50.6590003967283,27.6600511878785
S3350,7.00000000000003,7.23771308866273
S3354,30.9969997406006,18.2387484889045
S3355,33.9980010986329,16.9289825153679
S3357,42.2490005493163,32.0225483218111
S3359,19.9990005493164,8.90045180423431
S3361,9.49899959564211,5.84413753348777
S3362,7.49999999999999,7.31914071144164
S3363,7.00000000000003,5.84413753348777
S3364,6.49999999999996,5.84413753348777
S3366,6.99900007247922,5.84413753348777
S3367,26.4950008392335,17.5498013171184
S3368,16.5,22.1597360350149
S3372,9.9969997406006,17.7853417924261
S3376,31.4969997406006,28.5200055961716
S3380,31.9960002899169,23.5846607181997
S3383,33.9869995117187,22.1597360350149
S3387,15.9980001449585,17.8563269131282
S3388,14.9940004348755,18.0003539282982
S3390,14.9989995956422,26.7664391679782
S3393,18.2339992523192,17.6649294792011
S3397,5.00000000000003,15.995975809307
S3399,13.9940004348755,16.9289825153679
S3400,11,9.29287040811185
S3402,9.9969997406006,15.5280271032998
S3405,2,9.13612603504309
S3417,2,5.94882075989708
S3418,7.9980001449585,5.18867970702635
S3419,7.49900007247923,8.53661331351058
S3421,40.9959983825684,37.9094610718132
S3422,12,14.2497875443093
S3428,22.1669998168945,28.2243134683237
S3429,4.49200010299683,9.13612603504309
S3430,14.5,17.1174456590122
S3433,7.49900007247923,16.0584126787867
S3434,9.99800014495856,12.3962132757087
S3435,11.498999595642,12.3962132757087
S3436,16.128999710083,12.6157047962716
S3437,37.9869995117187,12.6157047962716
S3439,25.6660003662109,28.2243134683237
S3440,33.4930000305176,28.2243134683237
S3448,29.6650009155273,28.2243134683237
S3449,20.5000000000001,28.2243134683237
S3452,42.9869995117187,28.2243134683237
S3453,40.9939994812012,28.2243134683237
S3460,42.2490005493163,37.9094610718132
S3461,21.9990005493163,14.8553024711976
S3463,20.5000000000001,10.6483564955143
S3473,23.6650009155273,44.072256219252
S3476,18.9440002441406,24.8287045094533
S3483,47.2449989318848,23.0556034046027
S3484,61.9970016479492,23.8709811996213
S3486,55.9939994812013,58.5324796417034
S3488,11.25,17.1174456590122
S3489,8.99199962615965,16.0584126787867
S3490,17.8430004119872,16.9289825153679
S3491,18.992000579834,16.9289825153679
S3492,51.820999145508,16.9289825153679
S3493,17.4669990539551,15.5280271032998
S3494,16.9950008392335,12.3962132757087
S3495,10.25,16.9289825153679
S3496,27.9939994812012,16.9289825153679
S3497,14.9890003204345,12.3962132757087
S3498,9.99899959564212,12.6157047962716
S3500,12.9989995956421,12.6157047962716
S3501,11.9949998855591,12.3962132757087
S3503,5.99999999999998,15.5280271032998
S3504,16.4939994812012,12.3962132757087
S3505,4,16.9289825153679
S3506,14.9540004730226,12.3962132757087
S3507,25.9829998016358,16.9289825153679
S3509,18.4979991912842,16.9289825153679
S3510,9.9689998626709,15.5280271032998
S3511,21.2000007629396,15.5280271032998
S3512,16.1669998168945,12.3962132757087
S3513,17.1669998168945,15.5280271032998
S3514,21.9979991912843,15.5280271032998
S3515,11.1660003662109,15.5280271032998
S3516,14,12.3962132757087
S3519,12.9870004653931,15.5280271032998
S3520,9.9969997406006,16.9289825153679
S3521,46.4889984130861,12.3962132757087
S3527,23.996000289917,24.8861643162947
S3530,23.9909992218019,15.5280271032998
S3531,7.96799993515016,12.3962132757087
S3533,46.9970016479494,39.8849991604454
S3537,31.4969997406006,28.2243134683237
S3545,19.4990005493164,12.6157047962716
S3546,3,4.91319697131409
S3554,9.00000000000004,7.94843471216925
S3557,12.9799995422363,8.33635308687177
S3560,18.9990005493164,23.1482848140147
S3562,62.1199989318847,59.1635191090751
S3564,57.3310012817384,61.3568264432294
S3568,95.148002624512,59.1587269096201
S3580,18.5,22.2093431734174
S3581,43.89400100708,53.8899381893601
S3582,54.3100013732911,55.555115447445
S3583,58.5449981689455,61.0931591935441
S3584,64.0979995727541,61.4191452218173
S3586,13.9989995956421,24.0225162917973
S3587,23.5,27.1734113447704
S3588,32.1660003662108,27.1584641093931
S3589,34.9970016479491,14.8553024711976
S3590,36.9930000305176,19.1314864574464
S3591,4,9.5752482590811
S3594,3,5.43920370173201
S3596,20.4990005493164,22.4935532056221
S3599,54.9850006103518,37.9094610718132
S3605,56.1959991455078,51.3602226560323
S3606,9.99800014495856,8.33635308687177
S3608,31.9920005798341,16.161566427033
S3609,33.4939994812013,24.0885858611797
S3610,20.9990005493163,28.2243134683237
S3620,6.9920001029968,12.3962132757087
S3627,12.2469997406006,24.0885858611797
S3629,4,8.97540144136137
S3630,33.9879989624022,23.5846607181997
S3631,27.9979991912843,18.0003539282982
S3634,6.9980001449585,12.3962132757087
S3636,46.9790000915529,24.0885858611797
S3638,15.998999595642,16.161566427033
S3641,43,24.3739690105657
S3642,13.9949998855592,8.69267581801139
S3645,30.9979991912842,24.0885858611797
S3648,19.8990001678467,16.9289825153679
S3650,39.4760017395021,16.161566427033
S3652,30.4890003204347,16.9289825153679
S3653,32.4889984130858,16.0584126787867
S3657,15.998999595642,8.69267581801139
S3667,22.9969997406007,16.0584126787867
S3671,9.9689998626709,11.9816928648311
S3672,27.9990005493165,14.0380538024764
S3674,28.9969997406006,19.1206963627828
S3675,50.0410003662108,58.8297322119404
S3677,72.0670013427734,60.7900503142654
S3678,32,28.2243134683237
S3680,32.9959983825683,28.2243134683237
S3686,10,4.93095968337029
S3698,34.5,28.2243134683237
S3699,21.0000000000001,28.2243134683237
S3700,10,22.5495779539629
S3702,20.4930000305175,16.0584126787867
S3703,3,13.1498050573254
S3704,11.9960002899171,10.1846313299596
S3711,16.9960002899171,8.90045180423431
S3713,25.9960002899171,22.6698474518321
S3715,19.9999999999999,23.2700753917048
S3716,51.1189994812011,29.7398849965578
S3717,24.9999999999999,21.5544509532874
S3720,35.9990005493164,21.6468087632886
S3729,28.2479991912844,18.2387484889045
S3730,32.2470016479494,30.3897579701421
S3731,31.4979991912842,20.6486890744704
S3733,19,16.7607210879853
S3736,7.96199989318845,5.18867970702635
S3737,33.666000366211,18.2387484889045
S3738,17.5,16.0584126787867
S3739,7.00000000000003,13.2335994789029
S3740,4,8.90045180423431
S3749,19.1399993896483,18.2387484889045
S3750,3.48099994659425,8.59725691568328
S3755,66.9950027465818,60.0589991421711
S3765,7.25,13.9060210828581
S3769,10.9940004348755,18.0668173243613
S3772,30.9969997406006,20.1348428398755
S3775,19.9920005798339,15.5280271032998
S3776,18,16.9289825153679
S3777,24.9790000915528,16.9289825153679
S3779,23.988000869751,16.9289825153679
S3780,23.0000000000001,16.9289825153679
S3781,23.4990005493163,16.9289825153679
S3782,7.96299982070922,12.8089178812101
S3785,42.9959983825685,37.9094610718132
S3790,45.4760017395021,16.0584126787867
S3791,31.2499999999999,28.4493824731466
S3794,38.1640014648439,26.9336005190138
S3795,5.99999999999998,21.6033373802218
S3798,19.25,15.5280271032998
S3799,15.4739999771117,18.2387484889045
S3805,17.4990005493165,17.8563269131282
S3807,28.599000930786,40.0958943071154
S3808,18.4990005493165,19.1314864574464
S3816,12.25,15.7049058928906
S3817,11.9989995956422,14.4653604406717
S3821,23.9979991912842,30.3897579701421
S3823,16.6660003662109,16.9289825153679
S3824,9.00000000000004,10.2762677951109
S3825,28.75,17.1174456590122
S3828,43.9959983825684,25.2387592179574
S3829,4,2.878508051992
S3832,34.9850006103518,28.90303458202
S3833,45.6629981994631,26.9943282929979
S3840,39.9949989318847,31.102847415647
S3845,32.5,39.8849991604454
S3846,21.25,24.0225162917973
S3854,23.4990005493163,19.1206963627828
S3855,1,5.20312585229655
S3859,12.9989995956421,10.1846313299596
S3861,5.99999999999998,11.676443074222
S3862,35.5989990234375,20.0546642484509
S3863,13,8.33635308687177
S3866,39.244998931885,16.9289825153679
S3870,3,11.4315116531583
S3871,18.1630001068115,16.9289825153679
S3877,28.9979991912843,28.2243134683237
S3881,13.4930000305176,15.5280271032998
S3891,20.666000366211,16.0584126787867
S3892,14.9960002899171,12.6157047962716
S3893,19,28.2243134683237
S3895,24.25,26.0375526658003
S3896,13,18.0003539282982
S3902,34.1640014648439,30.3897579701421
S3904,22.6660003662108,14.8553024711976
S3905,41.0979995727541,23.5846607181997
S3907,5.99999999999998,13.1480795022358
S3908,16.9960002899171,28.2731247398888
S3914,11,15.5280271032998
S3915,22.4860000610352,26.3007001920774
S3916,15.1669998168945,12.3962132757087
S3917,13.9989995956421,12.3962132757087
S3920,27.9810009002686,20.5815809848756
S3921,17.9969997406007,15.5280271032998
S3922,5.99999999999998,22.7006837106134
S3923,28.4930000305177,25.3977789160584
S3925,6.24999999999998,8.33635308687177
S3931,14.248999595642,16.0584126787867
S3933,40.998001098633,18.9337363502062
S3935,28.4969997406007,28.2243134683237
S3936,13.4919996261597,16.9289825153679
S3937,18.4950008392334,16.9289825153679
S3938,30.9950008392335,28.2243134683237
S3941,12,15.5280271032998
S3942,29.5990009307861,29.6455914267156
S3943,94.1490020751951,58.8297322119404
S3948,3,4.11980346377331
S3953,5.00000000000003,6.97038270763251
S3954,26.9979991912841,23.5846607181997
S3956,28.9990005493164,37.9094610718132
S3957,18.4979991912842,12.3962132757087
S3968,5.99999999999998,5.84413753348777
S3970,20.1200008392334,21.6680437600921
S3971,31.4999999999999,39.8849991604454
S3972,8.99800014495852,8.90045180423431
S3973,43.1419982910155,27.3633044799149
S3974,13,16.0584126787867
S3977,5.99999999999998,12.7214442605316
S3980,1,4.18787564622172
S3986,17.4939994812012,15.5280271032998
S3988,33.2140007019043,16.0584126787867
S3989,18.2490005493165,16.0584126787867
S3991,23.9969997406005,15.5280271032998
S3994,23.9990005493163,16.9289825153679
S3996,16.9999999999999,18.9337363502062
S4004,14.9989995956422,22.1597360350149
S4005,24.9990005493163,28.2243134683237
S4006,32.9990005493164,28.2243134683237
S4011,3,8.90045180423431
S4019,19.1609992980957,22.5651588699641
S4021,25.9990005493164,28.2243134683237
S4022,42.9980010986328,18.2387484889045
S4023,20.2500000000001,18.2387484889045
S4024,25.9990005493164,18.2387484889045
S4025,29.2479991912843,18.2387484889045
S4026,11.9969997406007,18.0668173243613
S4027,40.4360008239745,18.0668173243613
S4030,28.2320003509524,16.0584126787867
S4034,32.5,32.0225483218111
S4035,27.9909992218017,16.7919479591742
S4036,5.00000000000003,12.2869546217963
S4037,19.666000366211,21.1630250660409
S4038,24,21.1630250660409
S4041,52.6430015563967,26.801937178106
S4049,26.9999999999999,28.2243134683237
S4052,5.99999999999998,18.2387484889045
S4056,16.9990005493165,8.69267581801139
S4059,4.99599981307985,6.21061334031815
S4061,27.9999999999999,17.0472676583058
S4064,28.2479991912844,28.2243134683237
S4065,11.9989995956422,8.69267581801139
S4067,18.9990005493164,21.1630250660409
S4068,54.074001312256,56.8384414564755
S4071,3,11.0564277450673
S4072,39.1199989318847,17.5498013171184
S4078,31.9950008392333,28.2243134683237
S4079,17.25,12.6157047962716
S4085,59.9850006103518,53.5066655024413
S4087,8.99499988555911,8.33635308687177
S4089,18.5,16.7180257565918
S4092,12,7.12289590295051
S4093,11.9989995956422,5.2787501490101
S4094,13,8.69267581801139
S4096,18.4969997406006,8.69267581801139
S4097,10.996000289917,5.46222582867433
S4098,9.00000000000004,5.74120549651744
S4100,15.9969997406005,8.69267581801139
S4101,14.246000289917,8.69267581801139
S4103,21.663999557495,13.1498050573254
S4104,34.4830017089843,17.5970047109767
S4106,37.4780006408692,22.1787922530908
S4109,28.4939994812012,16.0584126787867
S4110,16.9999999999999,21.1630250660409
S4112,14.9989995956422,16.9289825153679
S4114,24.996000289917,15.5280271032998
S4115,18.9950008392333,16.0584126787867
S4117,20.2500000000001,16.9289825153679
S4118,17.9939994812013,15.5280271032998
S4119,11.9969997406007,15.5280271032998
S4121,19.5990009307862,16.9289825153679
S4123,16.9979991912842,16.9289825153679
S4124,19.9990005493164,16.9289825153679
S4125,26.9950008392334,12.3962132757087
S4126,17.9950008392333,16.9289825153679
S4127,26.4699993133546,15.5280271032998
S4128,26.9969997406007,16.9289825153679
S4129,21.2479991912842,16.0584126787867
S4130,16.2469997406006,12.6157047962716
S4131,13.664999961853,15.5280271032998
S4132,13.9989995956421,15.5280271032998
S4133,16.4979991912842,16.9289825153679
S4134,28.2310009002685,15.5280271032998
S4135,4,15.5280271032998
S4136,17.2469997406007,16.9289825153679
S4137,20.9440002441406,15.5280271032998
S4138,18.1240005493163,16.9289825153679
S4139,25.9610004425048,12.3962132757087
S4140,20.1170005798341,12.3962132757087
S4141,14.9980001449585,16.9289825153679
S4142,14.9700002670288,16.9289825153679
S4143,26.2469997406006,16.9289825153679
S4145,16.5,21.1630250660409
S4146,19.9960002899169,16.9289825153679
S4147,17.4699993133545,15.5280271032998
S4148,23.3330001831054,15.5280271032998
S4149,15.6660003662109,16.9289825153679
S4150,10.4999999999999,15.5280271032998
S4151,20.1240005493164,12.3962132757087
S4152,24.9610004425049,16.0584126787867
S4153,13,15.5280271032998
S4154,14,16.9289825153679
S4155,11.9989995956422,16.9289825153679
S4156,27.9829998016359,16.9289825153679
S4157,18.492000579834,16.9289825153679
S4158,29.9939994812013,16.0584126787867
S4159,17.5,15.5280271032998
S4160,27.4860000610351,16.9289825153679
S4161,12.1660003662109,16.9289825153679
S4162,21.9899997711182,15.5280271032998
S4163,19.9979991912843,16.9289825153679
S4164,21.9969997406006,16.9289825153679
S4165,43.4840011596678,15.5280271032998
S4166,36.2430000305178,16.0584126787867
S4167,25.2450008392334,16.9289825153679
S4168,25.9950008392335,16.9289825153679
S4169,22.2450008392334,16.9289825153679
S4170,18.9969997406006,12.3962132757087
S4171,44.4039993286132,16.9289825153679
S4172,29.9839992523192,16.9289825153679
S4173,30.4930000305177,16.9289825153679
S4174,16.9939994812012,16.9289825153679
S4175,30.4839992523194,15.5280271032998
S4176,16.9890003204347,15.5280271032998
S4179,25.4839992523194,28.5200055961716
S4182,21.17799949646,26.6162395063222
S4184,24.9990005493163,24.68144562762
S4193,23.5,28.2243134683237
S4195,32.9999999999999,24.8344249457619
S4196,20.4939994812012,12.3962132757087
S4197,5.49900007247924,5.2384315117369
S4198,37.5519981384276,43.3261741510206
S4199,35.4990005493165,24.0095325552065
S4202,15.1669998168945,16.0584126787867
S4204,16.0000000000001,28.2243134683237
S4205,12.4989995956421,17.4167243936223
S4206,9.00000000000004,13.1498050573254
S4209,11.9980001449585,13.1498050573254
S4210,29.9720001220703,16.9289825153679
S4214,4.24999999999999,7.83214664798325
S4217,12.2410001754761,20.0275413512641
S4218,47.9970016479492,44.072256219252
S4220,12.9989995956421,5.84413753348777
S4221,9.00000000000004,7.31914071144164
S4222,9.99899959564212,5.84413753348777
S4225,27.9999999999999,18.2387484889045
S4226,7.00000000000003,8.53661331351058
S4229,23.4990005493163,22.9636744011829
S4235,10.4980001449585,17.1174456590122
S4236,19.9969997406007,16.9289825153679
S4237,8.98600006103515,17.2302719922339
S4238,5.99999999999998,14.8553024711976
S4241,7.00000000000003,13.1837789911647
S4243,16.9990005493165,12.6157047962716
S4244,7.99700021743777,5.84413753348777
S4245,11,12.3962132757087
S4246,16.25,20.0269338277105
S4249,11.498999595642,16.9289825153679
S4251,32.4959983825686,15.3467457924309
S4254,29.166000366211,22.9636744011829
S4257,25.9969997406006,21.1630250660409
S4259,42.498001098633,24.5135719765964
S4260,11.5000000000001,25.5708493454462
S4262,25.4950008392335,15.5280271032998
S4264,18.125,16.9289825153679
S4265,20.4979991912841,16.9289825153679
S4266,41.0810012817383,56.3266755934109
S4267,56.0730018615721,53.6256923223363
S4274,5.99999999999998,10.9678478024325
S4277,32.9939994812013,28.2731247398888
S4279,38.150001525879,52.1883044978123
S4281,19.4990005493164,23.7648549509282
S4286,15,18.2387484889045
S4288,46.4939994812012,28.2243134683237
S4289,8.50000000000005,7.02519057377773
S4291,19,29.0943683949365
S4292,3,4.95430751699641
S4293,37.1250000000002,28.2243134683237
S4294,38.4990005493164,24.0885858611797
S4297,31.6630001068115,23.8089144257793
S4301,36.550998687744,51.4344034454808
S4303,23.4750003814697,27.9780423872167
S4308,14.4969997406006,7.31914071144164
S4309,26.4969997406005,28.2243134683237
S4314,23.1110000610353,15.5280271032998
S4318,20.2500000000001,28.2243134683237
S4319,38.9959983825685,28.2243134683237
S4322,21.9920005798339,28.2243134683237
S4323,16.9999999999999,28.2243134683237
S4326,46.9910011291506,28.2243134683237
S4329,6.24999999999998,6.97038270763251
S4331,35.9959983825685,22.1597360350149
S4332,11,16.3817775989217
S4336,9.99800014495856,17.1174456590122
S4343,4.99900007247922,5.84413753348777
S4346,5.00000000000003,5.90335725954728
S4351,3,7.31914071144164
S4352,17.4969997406006,16.9289825153679
S4355,22.4950008392334,16.9289825153679
S4356,8.99600028991703,16.9289825153679
S4357,20.1630001068114,24.0885858611797
S4358,14.9980001449585,12.6157047962716
S4359,12.9820003509521,16.9289825153679
S4360,27.9890003204345,16.9289825153679
S4361,11.9980001449585,16.0584126787867
S4363,18.9960002899169,16.9289825153679
S4364,18.4939994812012,12.3962132757087
S4365,9.50000000000002,12.3962132757087
S4366,24.666000366211,16.9289825153679
S4367,17.9899997711182,16.9289825153679
S4368,8.98499965667728,15.5280271032998
S4369,21.0000000000001,16.0584126787867
S4370,22.4999999999999,16.0584126787867
S4371,23.2430000305176,12.3962132757087
S4373,24.972999572754,12.6157047962716
S4374,15.5000000000001,15.5280271032998
S4375,23.9869995117187,16.0584126787867
S4376,13.9989995956421,16.0584126787867
S4377,49.8129997253417,12.3962132757087
S4378,8.00000000000001,12.6157047962716
S4379,10.4989995956421,16.0584126787867
S4380,21.9720001220702,15.5280271032998
S4381,20.9990005493163,17.0566533153685
S4382,20.4750003814697,15.5280271032998
S4383,27.9659996032714,16.9289825153679
S4384,17.1620006561279,16.0584126787867
S4385,28.2430000305177,28.5200055961716
S4386,15.996000289917,15.5280271032998
S4388,21.9950008392334,12.3962132757087
S4389,7.99900007247928,16.9289825153679
S4390,13.6639995574951,15.5280271032998
S4391,22.9890003204346,15.5280271032998
S4392,19.9920005798339,16.9289825153679
S4393,11.9989995956422,15.5280271032998
S4395,15.9910001754761,16.9289825153679
S4396,14.5,15.5280271032998
S4397,23.9699993133544,16.0584126787867
S4399,23.9529991149902,24.8287045094533
S4401,28.4979991912843,18.0668173243613
S4402,7.99599981307986,9.13612603504309
S4403,10.9989995956421,6.21061334031815
S4405,6.99900007247922,5.74120549651744
S4407,13.9919996261597,12.6157047962716
S4408,13.4980001449585,16.0584126787867
S4409,11.9949998855591,15.5280271032998
S4411,50.7350006103517,23.3997235986733
S4413,26.4950008392335,28.2731247398888
S4414,2.50000000000001,11.8324861680935
S4415,3.41700005531312,13.0915783573342
S4418,8.00000000000001,5.84413753348777
S4423,18.9990005493164,28.2243134683237
S4429,19.4999999999999,14.3189999266356
S4430,36.9959983825686,28.2243134683237
S4438,32.5620002746583,33.3548413052468
S4440,24.4969997406007,21.4719260669546
S4441,1,5.10455898279782
S4442,29.9990005493163,19.1314864574464
S4445,13.9980001449586,18.0003539282982
S4446,29.2390003204345,22.5495779539629
S4449,24.9909992218018,15.5280271032998
S4455,5.99999999999998,7.94843471216925
S4456,20.2500000000001,24.4083911687317
S4457,29.9990005493163,28.2243134683237
S4459,45.4959983825682,30.3897579701421
S4465,11,16.9289825153679
S4471,5.00000000000003,7.02519057377773
S4480,7.99700021743777,11.6909767831804
S4483,16.4950008392334,12.3962132757087
S4485,7.00000000000003,5.46222582867433
S4486,19,15.5280271032998
S4489,2,4.98792128779587
S4490,11.9989995956422,7.94843471216925
S4491,11.5000000000001,16.9289825153679
S4498,5.00000000000003,3.04108062925804
S4500,11,7.02519057377773
S4501,7.49900007247923,5.74120549651744
S4502,1,5.39924995941878
S4505,4,5.74120549651744
S4528,23.1189994812012,23.3573988465741
S4533,29.9969997406006,18.2387484889045
S4536,29.9489994049072,16.0584126787867
S4539,28.1219997406007,25.584042100812
S4541,25.9899997711182,16.9289825153679
S4542,14.9969997406007,16.9289825153679
S4543,16.9950008392335,16.9289825153679
S4546,37.9970016479492,19.8366432459385
S4551,26,28.2243134683237
S4552,10.9980001449585,16.161566427033
S4560,36.9860000610354,16.161566427033
S4562,14.1669998168946,16.0584126787867
S4567,26.6429996490479,28.6342197971555
S4570,11.4960002899169,16.9289825153679
S4571,20.9979991912841,16.0584126787867
S4573,2,3.98272575433006
S4575,9.00000000000004,6.21061334031815
S4576,2,2.90374331069598
S4579,5.00000000000003,3.98272575433006
S4583,4,7.02519057377773
S4585,13.9739999771117,15.5280271032998
S4586,18.9990005493164,22.9636744011829
S4591,18.9979991912841,12.3962132757087
S4593,18.4939994812012,16.9289825153679
S4594,11.9980001449585,15.5280271032998
S4595,4.9689998626709,8.90045180423431
S4600,7.00000000000003,8.69267581801139
S4602,18.9629993438722,25.4579274609072
S4603,29.1229991912843,32.0225483218111
S4608,13,12.5620667696724
S4613,37.4799995422363,21.5544509532874
S4614,26.9999999999999,27.2164514560756
S4616,42.9970016479493,27.8125654934537
S4619,36.2449989318849,29.2104087065766
S4620,21.3299999237061,15.995975809307
S4621,23.0000000000001,21.6436676389622
S4622,8.00000000000001,10.1846313299596
S4623,38.9949989318849,28.2243134683237
S4624,7.99599981307986,4.91319697131409
S4625,5.00000000000003,4.91319697131409
S4626,8.99100017547612,5.84413753348777
S4632,5.99200010299682,6.32445777308284
S4633,34.4980010986328,28.5200055961716
S4634,9.24899959564205,6.97038270763251
S4639,1,5.52685412381241
S4648,17.9950008392333,27.3633044799149
S4649,35.597999572754,21.6730309337309
S4652,10,15.5280271032998
S4653,16.25,16.0584126787867
S4659,36.2480010986327,18.2387484889045
S4661,14,24.0225162917973
S4664,8.99499988555911,8.90045180423431
S4668,15.6639995574951,16.786019073148
S4672,7.9980001449585,12.3962132757087
S4673,28.1000003814697,16.0584126787867
S4674,8.99899959564212,16.0584126787867
S4677,14.248999595642,10.301585062038
S4681,7.00000000000003,3.98272575433006
S4684,3.98900008201597,3.98272575433006
S4691,12.9969997406006,8.53661331351058
S4693,2,5.46222582867433
S4695,33.9000015258789,37.9094610718132
S4699,2,6.3763544620988
S4701,2,3.62572978166108
S4703,8.99600028991703,3.62572978166108
S4714,25.992000579834,16.9289825153679
S4715,5.00000000000003,7.31914071144164
S4726,33.9980010986329,28.2243134683237
S4728,17.9599990844727,16.786019073148
S4733,24.9969997406006,16.0584126787867
S4735,8.50000000000005,15.5280271032998
S4736,31.2490005493165,28.2243134683237
S4737,19.974000930786,18.0668173243613
S4738,27.4969997406005,28.2243134683237
S4739,51.7500000000002,15.5280271032998
S4740,36.6650009155274,28.2243134683237
S4741,39.6409988403319,27.9780423872167
S4744,12,17.1174456590122
S4746,5.9869999885559,17.0566533153685
S4754,9.00000000000004,16.9289825153679
S4755,10.25,15.5280271032998
S4757,28.8880004882814,15.5280271032998
S4758,22.9850006103516,16.0584126787867
S4759,12.9969997406006,12.3962132757087
S4760,14.2480001449585,16.0584126787867
S4764,27.2479991912842,22.5651588699641
S4765,26,27.6693971448609
S4767,13.9899997711182,7.12289590295051
S4770,3.98900008201597,5.10455898279782
S4772,7.00000000000003,10.1846313299596
S4774,10,14.5072142986032
S4776,10,21.6774603575865
S4777,13.4960002899171,19.8494175789521
S4780,11.4919996261598,8.33635308687177
S4783,23.9160003662109,22.5495779539629
S4784,3,9.6862053739182
S4785,3,5.10455898279782
S4823,19.9909992218017,8.53661331351058
S4827,37.9930000305176,29.0943683949365
S4832,34.9879989624022,21.6774603575865
S4834,8.00000000000001,7.83214664798325
S4841,31.9969997406007,28.2243134683237
S4845,19.6529998779298,15.5280271032998
S4846,26.0809993743897,26.3007001920774
S4850,5.00000000000003,7.12289590295051
S4851,39.3089981079104,15.5280271032998
S4853,15.6660003662109,7.02519057377773
S4855,9.4980001449585,7.23771308866273
S4869,24.4960002899169,18.2387484889045
S4873,69.9960021972659,62.4757723934808
S4875,10.9890003204346,12.3962132757087
S4878,15.8929996490479,9.13612603504309
S4880,14.1660003662109,16.0584126787867
S4881,12.2489995956422,16.9289825153679
S4883,22.9720001220703,16.0584126787867
S4884,10.9949998855591,12.3962132757087
S4885,30.2019996643065,15.5280271032998
S4888,10.4999999999999,12.3962132757087
S4892,8.49899959564206,7.94843471216925
S4893,11,6.21061334031815
S4896,26.1229991912841,16.9289825153679
S4897,5.49900007247924,6.97038270763251
S4927,28.2490005493163,16.9289825153679
S4931,11.9989995956422,18.2387484889045
S4937,14.9989995956422,7.02519057377773
S4938,29.9529991149902,24.0225162917973
S4939,22.9969997406007,15.5280271032998
S4940,19.9979991912843,28.2243134683237
S4941,8.00000000000001,7.23771308866273
S4953,1,6.97038270763251
S4958,6.99900007247922,8.33635308687177
S4960,11,15.2595427637679
S4963,28.1250000000002,18.2387484889045
S4967,3.99900007247924,5.43920370173201
S4968,29.159999847412,30.1811563668889
S4971,16.6439990997315,15.5280271032998
S4972,5.99999999999998,8.0545919114844
S4973,10,12.6157047962716
S4974,10.9879999160767,12.6157047962716
S4976,5.00000000000003,16.0584126787867
S4978,20.9930000305175,12.3962132757087
S4983,14.9969997406007,25.4579274609072
S4985,19.666000366211,27.1115746426502
S4987,39.4930000305175,27.8125654934537
S4994,14.9989995956422,16.0584126787867
S5003,5.00000000000003,5.84413753348777
S5005,13.1230001449585,12.6157047962716
S5006,17.2450008392333,23.7648549509282
S5010,13.2489995956421,11.8195723782833
S5013,16.0000000000001,12.5434919978567
S5016,9.99800014495856,8.97540144136137
S5017,1,3.78366222340966
S5018,14.4969997406006,15.5280271032998
S5028,11,8.69267581801139
S5035,27.9969997406007,16.161566427033
S5036,54.4850006103518,28.2243134683237
S5048,6.98699998855589,8.33635308687177
S5049,9.49899959564211,7.23771308866273
S5053,14,7.73556755200676
S5056,74.0550003051759,60.0589991421711
S5058,27.4860000610351,25.2819818092917
S5062,33.2490005493163,28.2243134683237
S5063,26.3330001831054,18.9132322074867
S5072,23.9990005493163,15.5280271032998
S5074,37.4910011291505,28.2243134683237
S5075,83.1549987792973,59.6640453085324
S5077,25.4659996032716,22.5798644143346
S5078,33.0769996643067,27.0157450344043
S5079,18.5,20.1273680523475
S5082,8.97599983215335,12.3962132757087
S5089,9.00000000000004,29.0943683949365
S5091,13.6569995880126,23.5846607181997
S5093,8.00000000000001,12.3962132757087
S5095,4.99800014495848,4.25573837727128
S5096,17.9920005798341,16.0584126787867
S5097,13,17.5498013171184
S5098,5.99999999999998,6.97038270763251
S5099,22.2450008392334,17.369155440433
S5102,18.2339992523192,24.0885858611797
S5110,18.9950008392333,8.33635308687177
S5112,13.9980001449586,12.6157047962716
S5118,15,13.1498050573254
S5129,15,10.1846313299596
S5132,24.9979991912842,28.2243134683237
S5133,26.9969997406007,28.2243134683237
S5138,7.00000000000003,6.21061334031815
S5151,1,5.2384315117369
S5156,15,20.999658439105
S5157,34.5900001525878,25.9134502472997
S5163,21.9969997406006,18.8455236635738
S5165,22.9990005493165,28.2243134683237
S5175,17.9950008392333,17.1174456590122
S5178,16.496000289917,15.5280271032998
S5180,3,18.2387484889045
S5184,19.9790000915528,16.0584126787867
S5185,22.4769992828368,15.5280271032998
S5186,21.4999999999999,16.9289825153679
S5187,36.9939994812011,28.2243134683237
S5195,27.4990005493163,19.1206963627828
S5204,14.9969997406007,5.90335725954728
S5205,14.9989995956422,22.9573682905727
S5207,22.9990005493165,25.7754058224028
S5212,15.9630002975464,16.0584126787867
S5216,21.2439994812012,16.0584126787867
S5217,17.2469997406007,16.0584126787867
S5218,20.9899997711182,16.0584126787867
S5219,18.6660003662109,16.9289825153679
S5220,21.6620006561278,16.9289825153679
S5221,12.25,7.02519057377773
S5224,27.5000000000002,28.2243134683237
S5225,23.9820003509522,9.13612603504309
S5232,30.4979991912842,24.0885858611797
S5237,44.4970016479494,20.0194571206678
S5241,5.00000000000003,10.1846313299596
S5242,2,6.97038270763251
S5243,19.3990001678467,16.0584126787867
S5244,20.4519996643067,16.9289825153679
S5245,14.9980001449585,23.5258442190356
S5249,30.1599998474121,25.5122333130873
S5253,8.00000000000001,16.0584126787867
S5254,15.1669998168945,20.7901738732009
S5258,8.99899959564212,24.0885858611797
S5259,18.2040004730225,7.83214664798325
S5260,19.9979991912843,23.1964259258424
S5261,25.1240005493164,16.0584126787867
S5264,1,8.53661331351058
S5270,43.9930000305177,37.9094610718132
S5271,25.4990005493165,16.0584126787867
S5274,14.9200000762939,16.0584126787867
S5275,13.9980001449586,23.5258442190356
S5277,18.6650009155272,17.8563269131282
S5281,16.2469997406006,15.5280271032998
S5282,9.24899959564205,16.9289825153679
S5283,44.4900016784667,27.9780423872167
S5284,15.9940004348755,15.5297530947596
S5287,54.4749984741209,30.1811563668889
S5306,38.3740005493163,43.3261741510206
S5311,27.9979991912843,28.2243134683237
S5313,23.9990005493163,28.2243134683237
S5314,25.2479991912842,28.2243134683237
S5316,26.9990005493163,28.2243134683237
S5318,57.5499992370603,59.7316472176866
S5319,1,8.25329709456077
S5322,2,3.04108062925804
S5328,31.4990005493163,18.2387484889045
S5334,28.496000289917,35.8071814538338
S5335,42.3940010070802,31.4646677903809
S5339,17.4969997406006,8.69267581801139
S5342,17.9990005493163,28.2243134683237
S5346,19.9930000305176,24.0885858611797
S5347,10.9940004348755,9.13612603504309
S5355,8.99699974060061,12.7214442605316
S5356,7.00000000000003,4.11980346377331
S5357,21.9979991912843,26.3007001920774
S5361,30.4969997406007,28.2243134683237
S5366,26.2329998016357,33.3548413052468
S5368,11.4980001449586,16.9289825153679
S5369,15.998999595642,16.9289825153679
S5371,17.4839992523193,16.9289825153679
S5373,48.9910011291506,55.965351990013
S5378,24.568000793457,28.6342197971555
S5380,30.1669998168944,28.2243134683237
S5381,29.4979991912842,28.2243134683237
S5383,18,28.2243134683237
S5388,11,10.1846313299596
S5389,41.9790000915527,28.0912857916112
S5392,10.9989995956421,5.74120549651744
S5393,6.9959998130798,5.74120549651744
S5394,9.00000000000004,7.02519057377773
S5396,15.9969997406005,15.5280271032998
S5398,15.6660003662109,15.5280271032998
S5401,57.4949989318845,66.581626915454
S5409,17.9899997711182,15.5280271032998
S5410,22.2500000000001,16.7919479591742
S5411,5.99999999999998,18.2213110393393
S5412,8.00000000000001,17.4167243936223
S5415,5.99999999999998,5.2384315117369
S5417,17.238000869751,27.3633044799149
S5420,7.49900007247923,17.0566533153685
S5427,1,3.57590192343157
S5428,2,6.21061334031815
S5429,8.00000000000001,4.9374490617837
S5436,12.996000289917,6.97038270763251
S5437,10.9980001449585,18.2387484889045
S5443,35.123001098633,28.2243134683237
S5444,23.1180000305177,24.0885858611797
S5446,18.9990005493164,18.2387484889045
S5454,5.99999999999998,12.3962132757087
S5458,29.6200008392333,16.9289825153679
S5459,5.00000000000003,12.6157047962716
S5461,19.9869995117189,15.5280271032998
S5464,13.4989995956421,16.0584126787867
S5465,24.9829998016357,24.0885858611797
S5469,26.2549991607667,28.5328137570279
S5475,47.9900016784668,28.2243134683237
S5479,9.50000000000002,16.9289825153679
S5480,11,16.0584126787867
S5481,33.9269981384276,16.0584126787867
S5484,26.6630001068114,14.9771159001742
S5488,8.00000000000001,8.33635308687177
S5496,3,18.9337363502062
S5501,30.9960002899169,28.2243134683237
S5507,2,2.82125831905498
S5511,16.9990005493165,12.3962132757087
S5515,17.9969997406007,7.02519057377773
S5518,5.99999999999998,10.1846313299596
S5519,3,6.07233554121304
S5522,12.4449996948242,15.5280271032998
S5527,1,3.3285465744371
S5531,14.1239995956421,26.3007001920774
S5533,15.9940004348755,15.5280271032998
S5534,7.00000000000003,15.5280271032998
S5536,31.9790000915528,15.5280271032998
S5537,14,16.0584126787867
S5538,5.00000000000003,15.5280271032998
S5539,14.498999595642,12.3962132757087
S5540,4.99499988555906,12.9606054836031
S5542,23.996000289917,23.5258442190356
S5546,41.0600013732908,16.0584126787867
S5552,3.49799990653991,16.0584126787867
S5553,5.00000000000003,8.34621882207312
S5555,4,14.8553024711976
S5557,12.9829998016357,13.3783602777107
S5558,3,3.04108062925804
S5563,28.4999999999999,28.2243134683237
S5564,2,5.84413753348777
S5569,10.9969997406006,6.97038270763251
S5570,5.00000000000003,3.57590192343157
S5572,4,16.0584126787867
S5575,10.9980001449585,15.5280271032998
S5577,19.9780006408691,12.6157047962716
S5578,4,4.9374490617837
S5583,10,18.2847672398755
S5585,11.9940004348755,15.5280271032998
S5586,4,4.11980346377331
S5589,7.00000000000003,5.74120549651744
S5590,10.4999999999999,7.94843471216925
S5595,10.4589996337891,12.3962132757087
S5596,27.4890003204347,16.9289825153679
S5599,6.99499988555911,8.97540144136137
S5600,25.3950004577637,9.13612603504309
S5610,26.8980007171632,27.0978645681866
S5611,7.00000000000003,9.13612603504309
S5612,28.9500007629395,27.3633044799149
S5613,5.99999999999998,4.9374490617837
S5616,12.5,7.94843471216925
S5617,9.00000000000004,7.12289590295051
S5618,10.9969997406006,18.0668173243613
S5619,9.49899959564211,18.0668173243613
S5631,14.9960002899171,16.0584126787867
S5633,7.99900007247928,16.0584126787867
S5634,21.25,10.1846313299596
S5642,3.95499992370603,16.161566427033
S5650,18.9930000305176,15.5280271032998
S5653,17.6630001068115,16.0138699694631
S5654,31.4330005645751,20.6198621660775
S5657,2,7.83214664798325
S5664,21.9979991912843,28.2243134683237
S5666,17.9860000610351,15.5280271032998
S5668,17.9979991912842,13.1498050573254
S5669,3.83299994468691,3.62572978166108
S5670,5.99700021743773,8.97540144136137
S5675,15.9919996261597,15.5280271032998
S5684,5.48099994659423,3.98272575433006
S5686,10.9720001220703,12.3962132757087
S5687,5.99999999999998,8.69267581801139
S5691,22.9969997406007,24.5135719765964
S5693,20.8999996185304,24.8287045094533
S5703,15.9639997482301,17.5498013171184
S5704,10.4350004196167,12.7756122299096
S5708,21.9470005035401,16.0584126787867
S5710,3.49000000953675,12.0754841376241
S5712,11.9969997406007,12.3962132757087
S5723,11.9940004348755,12.0711118559247
S5724,10.125,16.0584126787867
S5725,10,23.5846607181997
S5727,12.4849996566773,16.9289825153679
S5728,7.99399995803835,7.23771308866273
S5729,8.99600028991703,12.6157047962716
S5730,24.2479991912843,13.1498050573254
S5736,22.9869995117189,14.1221258521547
S5737,35.9939994812011,28.2243134683237
S5740,5.99999999999998,16.161566427033
S5750,14.8999996185303,15.5280271032998
S5754,10,23.2458212439573
S5756,5.00000000000003,5.61665435413808
S5757,17.9950008392333,15.8510487535919
S5760,11,18.9080033822152
S5761,4,12.7214442605316
S5767,32.4210014343264,16.1784778081606
S5768,24.972999572754,27.303723280408
S5772,5.99999999999998,17.0366040865325
S5773,3,12.504588429156
S5774,10.9779996871948,7.4564547077244
S5775,3,3.40754894921428
S5779,7.00000000000003,7.94843471216925
S5781,19.25,28.2243134683237
S5782,40.4949989318846,28.2243134683237
S5786,9.00000000000004,16.0584126787867
S5787,11.2489995956422,15.5280271032998
S5789,16.9839992523193,26.7664391679782
S5793,11.4870004653931,12.3962132757087
S5795,1,3.62572978166108
S5798,18.2490005493165,16.9289825153679
S5800,5.00000000000003,5.2787501490101
S5802,11.9940004348755,7.23771308866273
S5803,23.0979995727539,27.502543950757
S5805,10,7.02519057377773
S5806,7.94099998474119,12.6157047962716
S5807,10,7.94843471216925
S5811,3,3.98272575433006
S5817,31.9960002899169,28.2243134683237
S5818,20.9969997406007,28.2243134683237
S5819,14.4980001449586,18.2387484889045
S5824,14,9.85633130255765
S5825,17.25,16.9289825153679
S5827,8.49800014495848,15.5280271032998
S5828,19.4689998626709,15.5280271032998
S5829,23.9759998321534,15.5280271032998
S5833,36.1650009155272,28.2243134683237
S5836,10.9659996032715,16.6841652144217
S5838,8.48999977111813,8.97540144136137
S5841,12.9989995956421,19.1206963627828
S5842,1,3.62602423113308
S5848,22.9969997406007,28.2243134683237
S5850,6.97599983215332,16.9289825153679
S5855,14.246000289917,16.0584126787867
S5856,9.00000000000004,5.90335725954728
S5857,5.99999999999998,9.13612603504309
S5859,22.4960002899169,22.5651588699641
S5862,10.461000442505,15.5280271032998
S5867,11,12.6157047962716
S5868,6.99900007247922,13.1498050573254
S5871,18.9909992218018,16.9289825153679
S5882,23.6580009460449,25.9461821739212
S5887,2,8.69267581801139
S5889,15,8.97540144136137
S5892,8.00000000000001,7.94843471216925
S5893,29.125,28.2243134683237
S5894,5.00000000000003,8.69267581801139
S5895,5.99999999999998,7.23771308866273
S5896,21.4990005493163,23.2332110847822
S5897,5.00000000000003,3.62572978166108
S5898,16.9880008697509,7.94843471216925
S5899,1,4.93095968337029
S5902,5.99999999999998,5.74120549651744
S5907,19.4729995727539,15.5280271032998
S5911,7.99300003051758,15.5280271032998
S5912,7.00000000000003,12.3962132757087
S5916,38.4900016784669,28.2243134683237
S5917,21.4999999999999,28.2243134683237
S5921,5.24900007247925,12.3962132757087
S5922,8.66100025176999,16.9289825153679
S5923,25.976999282837,15.5280271032998
S5924,36.8930015563964,16.9289825153679
S5926,12.9940004348755,16.0584126787867
S5931,11,6.97038270763251
S5932,10.9820003509521,15.5280271032998
S5948,36.474998474121,14.5834443910151
S5953,5.00000000000003,7.70582404410322
S5955,1,5.46222582867433
S5958,3,5.74120549651744
S5959,1,4.99438620484383
S5963,51.9840011596678,28.2243134683237
S5970,28.4920005798341,16.9289825153679
S5980,5.99999999999998,4.25573837727128
S5981,8.00000000000001,4.25573837727128
S5983,14,7.12289590295051
S5985,21.1599998474122,12.3962132757087
S5986,18.4960002899169,27.9780423872167
S5999,12.4969997406006,9.13612603504309
S6000,8.00000000000001,9.13612603504309
S6001,21.1879997253419,9.13612603504309
S6002,13.968999862671,9.13612603504309
S6004,13.4519996643066,9.13612603504309
S6006,9.95499992370609,9.13612603504309
S6010,9.98900032043455,9.13612603504309
S6011,16.9839992523193,9.13612603504309
S6015,16.1790008544923,9.13612603504309
S6016,10.6599998474122,9.13612603504309
S6019,9.99199962615963,9.13612603504309
S6022,11.4960002899169,9.13612603504309
S6024,11.9960002899171,15.5280271032998
S6025,13,12.3962132757087
S6030,22.4710006713867,7.83214664798325
S6031,3,9.61605866368
S6041,11.4589996337891,16.9289825153679
S6042,7.99700021743777,12.3962132757087
S6052,21.4769992828369,16.0150140673168
S6054,1,4.91319697131409
S6061,2,5.74120549651744
S6073,19.2479991912843,13.1498050573254
S6075,7.49599981307982,16.9289825153679
S6085,6.87500000000003,18.2387484889045
S6091,18.9950008392333,5.2787501490101
S6098,3.20000004768372,18.2387484889045
S6100,7.49700021743777,15.5280271032998
S6106,21.9869995117189,15.5280271032998
S6107,7.97300004959107,8.97540144136137
S6109,12.4989995956421,16.9289825153679
S6116,2,2.91876211449135
S6140,8.99800014495852,7.23771308866273
S6149,10,16.161566427033
S6153,18.2469997406006,16.9289825153679
S6154,1,4.22526399297465
S6156,15.6660003662109,16.0584126787867
S6158,12.4980001449585,8.97540144136137
S6163,13.1009998321534,9.13612603504309
S6167,19.1079998016356,16.0584126787867
S6175,20.2399997711182,21.2723221077439
S6178,25.2250003814696,16.9289825153679
S6183,8.00000000000001,7.02519057377773
S6194,17.9930000305176,16.9289825153679
S6197,17.9930000305176,15.5280271032998
S6198,1,16.9289825153679
S6201,6.9980001449585,15.5280271032998
S6202,4,7.83214664798325
S6203,10.4999999999999,16.0584126787867
S6204,7.49800014495846,4.9374490617837
S6211,26.5300006866454,15.5280271032998
S6213,7.00000000000003,15.7298577576927
S6217,5.4980001449585,6.97038270763251
S6225,10.9930000305176,15.5280271032998
S6226,8.99800014495852,12.3962132757087
S6227,9.4980001449585,12.3962132757087
S6228,7.99399995803835,12.3962132757087
S6229,7.49800014495846,12.6157047962716
S6231,4,5.84413753348777
S6237,4,5.46222582867433
S6239,3,5.2787501490101
S6240,3.96799993515017,6.21061334031815
S6241,2,5.2787501490101
S6242,1,2.94108803344249
S6246,2,4.9374490617837
S6253,5.99999999999998,5.46222582867433
S6254,1,3.3465252663479
S6255,2,3.3285465744371
S6261,5.4980001449585,5.2787501490101
S6266,8.50000000000005,6.95627830994526
S6269,5.98099994659427,5.46222582867433
S6278,8.98600006103515,5.46222582867433
S6284,3,6.21061334031815
S6285,7.59999990463261,4.25573837727128
S6286,1,3.40754894921428
S6291,3.48799991607667,3.40754894921428
S6293,8.496000289917,5.46222582867433
S6295,2,5.90335725954728
S6297,4,3.04108062925804
S6298,18.8819999694825,7.12289590295051
S6304,2,3.57590192343157
S6305,2.33299994468689,7.12289590295051
S6310,1,5.2787501490101
S6314,3.42899990081786,2.91876211449135
S6334,8.00000000000001,5.90335725954728
S6337,2.33299994468689,2.90374331069598
S6341,3,8.32597679255386
S6345,3.49900007247927,4.11980346377331
S6346,12.4989995956421,5.90335725954728
S6351,2,4.25573837727128
S6355,3.41700005531312,3.3465252663479
S6359,3,5.46222582867433
S6361,1,8.69267581801139
S6363,2.50000000000001,3.3285465744371
S6368,7.9460000991821,5.46222582867433
S6370,11.5000000000001,5.46222582867433
S6372,1,2.82125831905498
S6376,5.99999999999998,3.57590192343157
S6382,3.48099994659425,3.88250410441332
S6384,1,3.04108062925804
S6385,10.9829998016357,7.23771308866273
S6392,1,3.98272575433006
S6401,1,2.878508051992
S6402,3,2.878508051992
S6403,2,4.11980346377331
S6409,3,3.57590192343157
S6413,3,3.62572978166108
S6417,3,4.9374490617837
S6419,10.4969997406006,12.9518274502818
S6421,10,7.12289590295051
S6427,2,3.3465252663479
S6428,5.00000000000003,5.74120549651744
S6436,3.9779999256134,3.40754894921428
S6439,9.00000000000004,7.23771308866273
S6441,3,2.94108803344249
S6442,4,3.98272575433006
S6443,3.49399995803832,3.98272575433006
S6447,7.97100019454954,3.98272575433006
S6448,4,3.88250410441332
S6456,2,3.40754894921428
S6460,4,4.25573837727128
S6461,2.50000000000001,2.91876211449135
S6463,6.49200010299686,4.25573837727128
S6464,5.99999999999998,7.12289590295051
S6468,5.99999999999998,6.21061334031815
S6478,1,4.25573837727128
S6480,5.00000000000003,6.21061334031815
S6481,2.33299994468689,3.62572978166108
S6493,5.00000000000003,7.23771308866273
S6497,3.4960000514984,5.2787501490101
S6502,1,2.91876211449135
S6510,2,2.94108803344249
S6523,2,2.878508051992
S6533,7.99499988555908,7.94843471216925
S6534,5.00000000000003,7.94843471216925
S6535,11.25,16.9289825153679
S6536,29.4479999542238,15.5280271032998
S6537,15,19.4348777290864
S6545,1,11.4657535742262
S6546,4,10.855619001444
S6551,26.4890003204347,15.5280271032998
S6555,14.9940004348755,15.5280271032998
S6556,16.2479991912841,16.0584126787867
S6557,9.4980001449585,15.5280271032998
S6558,22.9740009307861,16.0584126787867
S6559,17.4890003204346,16.9289825153679
S6560,22.9860000610353,16.0584126787867
S6561,19.9750003814696,15.5280271032998
S6568,37.9480018615723,8.97540144136137
S6570,29.8150005340577,15.5280271032998
S6573,33.488998413086,27.1115746426502
S6574,8.99800014495852,6.97038270763251
S6576,8.9930000305176,6.97038270763251
S6579,16.4860000610352,16.0584126787867
S6594,17.4990005493165,28.2243134683237
S6599,13.2469997406005,15.5280271032998
S6600,17.4979991912841,16.9289825153679
S6604,7.99499988555908,7.23771308866273
S6608,3,9.13612603504309
S6612,16.9880008697509,12.3962132757087
S6613,10.246000289917,16.0584126787867
S6614,8.16600036621093,16.0584126787867
S6615,13.25,15.5280271032998
S6626,12.1639995574951,15.5280271032998
S6627,10,12.3962132757087
S6628,3.20000004768372,8.33635308687177
S6632,7.00000000000003,7.02519057377773
S6635,10,18.9337363502062
S6636,15.496000289917,16.9289825153679
S6637,10,9.26391243954192
S6640,37.9949989318848,28.2243134683237
S6642,18.2490005493165,25.4238104046911
S6646,8.24600028991699,15.5280271032998
S6648,8.00000000000001,8.53661331351058
S6649,5.00000000000003,4.9374490617837
S6657,6.99499988555911,4.25573837727128
S6666,5.99999999999998,4.11980346377331
S6670,15.9499998092651,16.9289825153679
S6672,36.1020011901858,15.5280271032998
S6674,13.4759998321533,15.5280271032998
S6684,11.9890003204346,16.9289825153679
S6685,27.4899997711183,22.5651588699641
S6691,13.9890003204346,5.90335725954728
S6698,2,4.93095968337029
S6705,37.8110008239745,16.9289825153679
S6709,16.6639995574952,15.5280271032998
S6710,10.996000289917,16.9289825153679
S6713,12.4949998855591,26.1979931666721
S6717,3,5.84413753348777
S6718,3,8.33635308687177
S6723,22.2430000305176,19.5955604979525
S6726,23.4839992523193,15.5280271032998
S6727,14.6619997024536,15.5280271032998
S6729,14.4919996261597,16.9289825153679
S6733,13.6630001068116,15.5280271032998
S6734,22.9400005340577,15.5280271032998
S6735,17.2490005493165,16.9289825153679
S6736,15.1239995956422,15.5280271032998
S6738,11.9779996871948,16.0584126787867
S6739,16.9659996032715,16.0584126787867
S6740,2,16.9289825153679
S6741,27.42200088501,15.5280271032998
S6742,10.125,15.5280271032998
S6743,9.97900009155272,16.0584126787867
S6744,4.49700021743772,16.9289825153679
S6745,13.4779996871949,15.5280271032998
S6746,29.909999847412,15.5280271032998
S6747,32.9410018920897,16.0584126787867
S6748,15.4379997253418,16.9289825153679
S6749,43.7719993591309,15.5280271032998
S6751,10.9779996871948,12.3962132757087
S6753,14.9849996566771,12.3962132757087
S6754,18.6790008544923,16.0584126787867
S6755,26.4899997711181,16.9289825153679
S6756,25.9489994049071,15.5280271032998
S6757,6.99100017547608,16.9289825153679
S6758,20.8250007629395,15.5280271032998
S6759,13.4530000686645,15.5280271032998
S6762,9.99100017547612,12.6157047962716
S6766,13.7690000534058,15.5280271032998
S6767,24.2329998016358,15.5280271032998
S6768,16.7329998016358,12.3962132757087
S6769,7.00000000000003,16.9289825153679
S6770,31.7670001983643,15.5280271032998
S6772,6.98600006103517,16.0584126787867
S6773,27.9220008850097,15.5280271032998
S6774,19.2369995117188,16.9289825153679
S6775,7.99599981307986,12.3962132757087
S6777,24.9340000152587,15.5280271032998
S6778,24.9459991455079,16.9289825153679
S6779,7.99499988555908,12.3962132757087
S6780,7.99399995803835,16.0584126787867
S6782,5.981999874115,12.3962132757087
S6784,18.8260002136231,16.9289825153679
S6785,13,16.9289825153679
S6787,38.2939987182619,15.5280271032998
S6788,9.97799968719477,15.5280271032998
S6789,13.9779996871947,16.0584126787867
S6790,16.7579994201661,15.5280271032998
S6791,20.6529998779296,15.5280271032998
S6792,4.96000003814699,16.0584126787867
S6793,31.2369995117187,15.5280271032998
S6794,11.9969997406007,11.7644173039891
S6795,10.4980001449585,12.3962132757087
S6796,17.8600006103516,16.0584126787867
S6797,13.1999998092651,16.9289825153679
S6798,7.96999979019166,12.6157047962716
S6799,14.4960002899171,16.9289825153679
S6800,22.1079998016356,16.9289825153679
S6809,5.00000000000003,8.97540144136137
S6820,8.95499992370608,9.13612603504309
S6822,10.1630001068115,9.13612603504309
S6823,3.95499992370603,9.13612603504309
S6826,10.33899974823,9.13612603504309
S6827,13.3450002670288,9.13612603504309
S6839,24.9710006713868,44.4104707437277
S6840,2,15.3467457924309
S6844,12.9890003204346,16.186350916635
S6847,7.97599983215329,15.5280271032998
S6848,6.49900007247924,4.11980346377331
S6862,6.49399995803835,8.33635308687177
S6866,10.9350004196167,6.97038270763251
S6869,14.9930000305176,15.5280271032998
S6870,3,7.12289590295051
S6882,6.49599981307981,9.13612603504309
S6896,1,3.88250410441332
S6897,3.46900010108948,5.84413753348777
S6908,5.00000000000003,12.3962132757087
S6910,8.99499988555911,12.6157047962716
S6916,26.9200000762939,8.97540144136137
S6922,11.4359998703003,6.97038270763251
S6925,13.9890003204346,8.97540144136137
S6926,2,12.6157047962716
S6931,8.97999954223635,7.83214664798325
S6938,4.95699977874755,5.18867970702635
S6939,3,15.5280271032998
S6940,12.2299995422363,15.5280271032998
S6941,11.9790000915527,12.3962132757087
S6943,6.24599981307983,16.9289825153679
S6952,5.00000000000003,16.9289825153679
S6962,7.99499988555908,8.33635308687177
S6974,11.498999595642,7.02519057377773
S6975,14.9799995422363,16.0584126787867
S6978,3,17.1174456590122
S6982,2,7.12289590295051
S6983,12.4709997177124,7.12289590295051
S6994,2.50000000000001,16.9289825153679
S6999,10.25,19.8366432459385
S7002,14.1660003662109,8.97540144136137
S7007,31.957000732422,16.6446612476948
S7012,12.996000289917,9.13612603504309
S7018,1,5.94882075989708
S7021,3,12.3962132757087
S7023,13.996000289917,15.5280271032998
S7025,9.98099994659428,15.5280271032998
S7027,7.00000000000003,12.6157047962716
S7028,4,6.47434445993376
S7031,8.95600032806399,9.13612603504309
S7032,2.50000000000001,8.33635308687177
S7047,6.99300003051758,12.3962132757087
S7055,4,6.42578270049322
S7077,2,7.02519057377773
S7081,9.00000000000004,9.13612603504309
S7085,10.8850002288818,7.83214664798325
S7089,9.66300010681157,8.97540144136137
S7092,4,9.13612603504309
S7097,7.95499992370604,9.13612603504309
S7106,4,6.97038270763251
S7108,6.49800014495853,8.97540144136137
S7110,11.9809999465943,14.5518181984039
S7115,5.00000000000003,5.46222582867433
S7120,8.23099994659429,6.97038270763251
S7121,5.16499996185303,6.97038270763251
S7123,14.6599998474121,22.5651588699641
S7126,15.4980001449585,11.701905978686
S7133,8.49300003051761,13.1373577394586
S7140,30.5879993438723,22.8829201930506
S7143,1,6.10371253140363
S7145,7.24900007247922,16.9289825153679
S7146,10,7.23771308866273
S7152,8.496000289917,7.23771308866273
S7153,4,7.23771308866273
S7162,2,15.5280271032998
S7166,13.4200000762939,15.5280271032998
S7168,3,6.97038270763251
S7180,3.49799990653991,8.33635308687177
S7182,12.2320003509521,15.5280271032998
S7184,9.00000000000004,12.6157047962716
S7185,32.8889999389648,9.13612603504309
S7190,5.98099994659427,12.3962132757087
S7210,27.2099990844728,8.97540144136137
S7211,2,9.9091577349762
S7217,8.49800014495848,6.97038270763251
S7220,5.99499988555911,5.84413753348777
S7229,2,18.2387484889045
S7231,6.98600006103517,9.13612603504309
S7237,8.4919996261597,12.3962132757087
S7244,2,6.48086325905631
S7245,3,4.25573837727128
S7246,6.99499988555911,15.5280271032998
S7250,8.24600028991699,7.12289590295051
S7254,14.9530000686646,8.97540144136137
S7255,7.78599977493284,8.97540144136137
S7258,5.75000000000001,9.13612603504309
S7267,1,12.3962132757087
S7269,3,13.3632987350614
S7279,12.4530000686646,12.3962132757087
S7284,6.49499988555906,16.0584126787867
S7288,8.98299980163571,7.94843471216925
S7294,4,3.62572978166108
S7296,8.9930000305176,7.02519057377773
S7300,17.8700008392335,21.2434531788931
S7303,13.9549999237062,12.3962132757087
S7307,1,7.34310023816771
S7308,3,7.02519057377773
S7310,3,4.93095968337029
S7318,6.99300003051758,15.5280271032998
S7325,6.84600019454957,8.33635308687177
S7326,8.93799972534182,8.33635308687177
S7328,7.98400020599367,7.12289590295051
S7334,1,7.12289590295051
S7336,5.99999999999998,8.97540144136137
S7339,5.8000001907349,8.33635308687177
S7345,2,8.97540144136137
S7346,6.15899991989138,9.13612603504309
S7348,5.99999999999998,5.90335725954728
S7349,3.99200010299681,16.0584126787867
S7356,4.50000000000003,15.5280271032998
S7364,3.83299994468691,8.97540144136137
S7367,3.42899990081786,3.04108062925804
S7372,3.875,17.1174456590122
S7384,6.93499994277951,7.02519057377773
S7385,2,8.90045180423431
S7388,1,12.0939226603842
S7400,6.98600006103517,15.5280271032998
S7401,6.9739999771118,14.2233446825302
S7408,2.33299994468689,4.93095968337029
S7417,7.99100017547604,8.97540144136137
S7425,3.85700011253359,4.93095968337029
S7445,12.8699998855591,15.5280271032998
S7447,19.8959999084473,7.12289590295051
S7451,4,5.2787501490101
S7452,2,7.97836647144952
S7454,13.9589996337891,16.9289825153679
S7455,4,12.3962132757087
S7457,7.00000000000003,5.90335725954728
S7460,9.97799968719477,8.97540144136137
S7466,4.47900009155273,15.5280271032998
S7467,8.8999996185303,9.13612603504309
S7470,3.85700011253359,8.33635308687177
S7471,2,5.2384315117369
S7474,5.99999999999998,16.9181010503038
S7481,5.46400022506715,18.2387484889045
S7482,15.0550003051757,19.8366432459385
S7496,1,7.81902625489653
S7502,2.50000000000001,5.2787501490101
S7504,8.91699981689452,7.02519057377773
S7506,3.85700011253359,18.2387484889045
S7509,1,7.3603858646261
S7513,5.00000000000003,16.5056467153221
S7528,15.6800003051758,8.97540144136137
S7531,2,6.03438549276877
S7535,6.96700000762937,7.94843471216925
S7537,2.50000000000001,4.93095968337029
S7546,1,15.5280271032998
S7559,3,7.23771308866273
S7562,3.970999956131,12.3962132757087
S7569,5.49300003051756,7.23771308866273
S7577,2.50000000000001,17.1174456590122
S7586,8.93799972534182,8.97540144136137
S7594,1,10.2749411681104
S7611,1,5.9947163621508
S7616,5.96799993515014,8.33635308687177
S7618,3,12.6157047962716
S7628,2.50000000000001,2.90374331069598
S7629,13,8.97540144136137
S7631,2,8.53661331351058
S7649,2.50000000000001,9.13612603504309
S7651,2.33299994468689,18.2387484889045
S7653,1,5.63108692383076
S7671,4,5.90335725954728
S7673,2.33299994468689,7.94843471216925
S7676,3.83299994468691,14.5434255403645
S7678,1,5.90335725954728
S7679,2.33299994468689,3.04108062925804
S7680,3,8.97540144136137
S7681,1,18.2387484889045
S7683,1,16.0584126787867
S7687,3.85700011253359,8.90045180423431
S7692,2.50000000000001,4.25573837727128
S7697,8.50000000000005,8.97540144136137
S7709,1,9.13612603504309
S7710,5.00000000000003,9.13612603504309
S7728,1,8.97540144136137
S7765,1,2.90374331069598
S7767,1,14.8671457825678
S7771,1,7.02519057377773
S7776,2,6.28924877073636
S7793,1,8.33635308687177
S884,102.061996459961,93.6028879365828
S886,87.6669998168947,87.0422500590898
S887,93.0830001831057,80.0683084757107
S888,90.999000549316,34.7368166160586
S889,102.142997741699,92.9510768996373
S890,99.6669998168942,87.0422500590898
S891,35.9999999999998,25.7967080117547
S892,33.9999999999999,12.3705896269922
S893,19,13.8682945566256
S895,97.1669998168945,88.4701319781727
S897,99.2860031127934,87.4556381275578
S898,8.99600028991703,16.161566427033
S899,96.4999999999998,89.2592042156355
S904,85.9000015258792,87.4556381275578
S905,113.125,92.9510768996373
S906,89.3330001831057,83.6137411475391
S908,32.9999999999999,21.7516096925946
S909,24.25,21.7516096925946
S910,13.5,21.7516096925946
S911,82.0830001831057,82.7293929012263
S912,86.5000000000001,84.4604081235788
S913,81.1250000000005,81.1608252856672
S914,90.5000000000005,84.1429125627114
S915,107.25,92.9510768996373
S918,20.9990005493163,22.5714220781091
S920,18.5,22.4736078099225
S922,77.9999999999999,33.2893245496219
S923,116.28500366211,87.4556381275578
S924,70.25,84.3201179943917
S925,101.099998474121,86.2224278207476
S928,53.9949989318849,29.9546259354856
S934,50.5,19.4217614976528
S935,4,4.93095968337029
S942,10.9989995956421,12.3962132757087
S944,93.9999999999999,81.1608252856672
S945,47.5000000000001,28.0258671445378
S947,16.9999999999999,30.4084908988322
S948,36.6640014648439,22.5651588699641
S949,63.9990005493164,25.6195910024904
S952,2,5.18867970702635
S953,86.555999755859,84.4604081235788
S954,39.998001098633,37.9094610718132
S956,70.4990005493168,49.4289628501733
S961,11.5000000000001,8.33635308687177
S969,85.9999999999997,93.6028879365828
S971,45.0000000000002,39.8849991604454
S972,118.061996459961,92.3074333623121
S973,8.00000000000001,8.90424243834536
S974,78.9999999999999,82.4512617737164
S977,117.333000183105,93.6028879365828
S979,23.9979991912842,24.0225162917973
S980,88.5709991455074,82.7293929012263
S981,27.5000000000002,21.4666822093992
S982,26.2490005493165,18.2387484889045
S983,63.5620002746583,59.2165508185023
S986,87.7500000000004,88.4701319781727
S987,89.1669998168948,92.3074333623121
S988,82.0000000000002,81.1608252856672
S989,40.0000000000001,24.090030959914
S990,93.5000000000003,92.3074333623121
S991,98.4000015258786,83.8396421105857
S993,70.6419982910153,59.1104513277716
S994,22,27.6153675789617
S995,78.0660018920898,67.8700470261711
S996,88.4970016479491,67.8700470261711
S997,70.4999999999999,48.5158447531044
S998,40.9830017089846,16.9289825153679
S999,9.00000000000004,21.7516096925946
